HW,Turn in this homework online!,1,1
HW,Turn in this homework online!,2,2
HW,Turn in this homework online!,3,3
HW,Turn in this homework online!,4,4
HW,Turn in this homework online!,5,5
HW,Turn in this homework online!,6,6
HW,Turn in this homework online!,7,7
HW,Turn in this homework online!,8,8
HW,Turn in this homework online!,9,9
HW,Turn in this homework online!,10,10
HW,Turn in this homework online!,11,11
HW,Turn in this homework online!,12,12
HW,Turn in this homework online!,13,13
HW,Turn in this homework online!,14,14
HW,Turn in this homework online!,15,15
HW,Turn in this homework online!,16,16
HW,Turn in this homework online!,17,17
HW,Turn in this homework online!,18,18
HW,Turn in this homework online!,19,19
HW,Turn in this homework online!,20,20
HW,Turn in this homework online!,21,21
HW,Turn in this homework online!,22,22
HW,Turn in this homework online!,23,23
HW,Turn in this homework online!,24,24
HW,Turn in this homework online!,25,25
HW,Turn in this homework online!,26,26
HW,Turn in this homework online!,27,27
HW,Turn in this homework online!,28,28
HW,Turn in this homework online!,29,29
HW,Turn in this homework online!,30,30
HW,Turn in this homework online!,31,31
HW,Turn in this homework online!,32,32
HW,Turn in this homework online!,33,33
HW,Turn in this homework online!,34,34
HW,Turn in this homework online!,35,35
HW,Turn in this homework online!,36,36
HW,Turn in this homework online!,37,37
HW,Turn in this homework online!,38,38
HW,Turn in this homework online!,39,39
HW,Turn in this homework online!,40,40
HW,Turn in this homework online!,41,41
HW,Turn in this homework online!,42,42
HW,Turn in this homework online!,43,43
HW,Turn in this homework online!,44,44
HW,Turn in this homework online!,45,45
HW,Turn in this homework online!,46,46
HW,Turn in this homework online!,47,47
HW,Turn in this homework online!,48,48
HW,Turn in this homework online!,49,49
HW,Turn in this homework online!,50,50
HW,Turn in this homework online!,51,51
HW,Turn in this homework online!,52,52
HW,Turn in this homework online!,53,53
Exam,Closed book exam for 100 marks,54,1
Exam,Closed book exam for 100 marks,55,2
Exam,Closed book exam for 100 marks,56,3
Exam,Closed book exam for 100 marks,57,4
Exam,Closed book exam for 100 marks,58,6
Exam,Closed book exam for 100 marks,59,7
Exam,Closed book exam for 100 marks,60,8
Exam,Closed book exam for 100 marks,61,9
Exam,Closed book exam for 100 marks,62,10
Exam,Closed book exam for 100 marks,63,12
Exam,Closed book exam for 100 marks,64,13
Exam,Closed book exam for 100 marks,65,14
Exam,Closed book exam for 100 marks,66,16
Exam,Closed book exam for 100 marks,67,17
Exam,Closed book exam for 100 marks,68,18
Exam,Closed book exam for 100 marks,69,19
Exam,Closed book exam for 100 marks,70,21
Exam,Closed book exam for 100 marks,71,22
Exam,Closed book exam for 100 marks,72,24
Exam,Closed book exam for 100 marks,73,25
Exam,Closed book exam for 100 marks,74,26
Exam,Closed book exam for 100 marks,75,27
Exam,Closed book exam for 100 marks,76,28
Exam,Closed book exam for 100 marks,77,29
Exam,Closed book exam for 100 marks,78,30
Exam,Closed book exam for 100 marks,79,31
Exam,Closed book exam for 100 marks,80,32
Exam,Closed book exam for 100 marks,81,33
Exam,Closed book exam for 100 marks,82,34
Exam,Closed book exam for 100 marks,83,35
Exam,Closed book exam for 100 marks,84,36
Exam,Closed book exam for 100 marks,85,37
Exam,Closed book exam for 100 marks,86,38
Exam,Closed book exam for 100 marks,87,39
Exam,Closed book exam for 100 marks,88,40
Exam,Closed book exam for 100 marks,89,41
Exam,Closed book exam for 100 marks,90,42
Exam,Closed book exam for 100 marks,91,43
Exam,Closed book exam for 100 marks,92,44
Exam,Closed book exam for 100 marks,93,45
Exam,Closed book exam for 100 marks,94,46
Exam,Closed book exam for 100 marks,95,47
Exam,Closed book exam for 100 marks,96,48
Exam,Closed book exam for 100 marks,97,49
Exam,Closed book exam for 100 marks,98,50
Exam,Closed book exam for 100 marks,99,51
Exam,Closed book exam for 100 marks,100,52
Exam,Closed book exam for 100 marks,101,53
