Alisa Lynch,al4613,19,62901,1507045398,F,ixg1libp,78 South Brewery Ave. ,CHEM,
Alisha Murray,am4447,21,46376,3852017301,F,4eystjwe,639 Princeton Rd. ,CMPSC,
Alice Kiehn,ak9804,20,30529,4651079903,M,p0ulbn26,8985 Cambridge Ave. ,PHYS,
Anastasia Shields,as1233,18,72571,1245720203,F,06e84eor,55 Hall St. ,CSE,
Alyce Leuschke Jr.,al5684,21,80104,5672573168,M,ev4n7hoh,232 W. Homewood Ave. ,PHYS,
Althea Leuschke,al6759,21,91042,5188242875,F,oqt6byzj,608 North Addison St. ,PHYS,24.0
Alysa Hintz,ah2567,20,52041,2747801612,F,d797xc1r,7764 Union Avenue ,EE,
Alisha Beier,ab8825,21,33162,9958003600,M,gr1wwq45,91 S. Gartner Street ,CSE,
Anastacio Krajcik,ak1365,18,86426,8949156456,F,uy8t28xc,7195 North Canterbury Circle ,DS,25.0
Alfonso Torp,at2037,18,80820,6526624001,F,dfo34diu,963 Court Road ,PHYS,34.0
Alexis Schulist,as3627,22,62943,8721850538,M,l55ah9nv,9599 La Sierra St. ,CMPEN,
Alicia Harber,ah3078,22,62684,8227926780,F,a1uqkqum,83 Corona Street ,MATH,
Amiya Bogisich II,ab8389,18,47360,7939218274,M,h18e8b5s,361 E. Sierra Street ,MATH,
Alfredo Trantow,at1813,20,46121,1893023565,F,wxl0jmfp,7450 West Manchester Street ,CMPSC,
Alysson Okuneva,ao8250,20,62824,3318636528,F,o81zf7vv,863 Stillwater Road ,MATH,
Anabel Littel,al8826,22,30277,9062058566,M,4n61e74y,798 North Euclid Drive ,EE,
Alycia Berge,ab4479,20,50244,3098851985,F,frmyglmo,8687 N. Sleepy Hollow Court ,EE,
Ali Ledner,al5806,19,71602,6758666803,F,ougfoqn0,608 North Addison St. ,STAT,
Angela Jast Jr.,aj1457,19,33847,4557224936,M,nthuiyec,141 Gulf Rd. ,STAT,
Amely Rohan,ar7586,18,39834,2554741695,F,5h880la6,18 Lakeview Street ,PHYS,
Amaya Mosciski,am6718,19,32927,6731949798,F,wd5xogip,7764 Union Avenue ,CMPSC,
Alexys Stanton,as4057,21,61870,2485721261,M,93fj0cwc,9659 Rosewood Drive ,EE,3.0
Allene Zulauf,az6923,22,96058,2474237601,M,mg8nk8d5,358 Marvon Ave. ,ECON,
Alysa Bosco Sr.,ab9912,19,62884,3457483321,F,gjgm1fqt,7529 Old Sunset Road ,EE,9.0
Amie Pacocha,ap8429,18,60932,4152623526,M,uh69s5qo,608 North Addison St. ,ECON,
Amara Gaylord,ag4728,22,30078,3829440069,F,h5rqfz6v,780 East Redwood Drive ,PHYS,
Americo Mitchell,am5109,19,62320,6366913892,M,viq0h6xe,9498 Newport Ave. ,MATH,
Alivia Brown DDS,ab3717,21,33035,1214453150,F,tr7phe04,780 East Redwood Drive ,CHEM,
Alexane Hermann,ah5707,21,60613,8035503021,F,t4v6sg4w,88 Harrison Street ,ECON,
Amaya Denesik,ad9791,19,62530,5505925647,F,pt2zj3ku,639 Princeton Rd. ,CHEM,
Andre Will,aw2983,22,51573,7747714736,F,9gbzyxsk,8687 N. Sleepy Hollow Court ,CMPSC,
Lenna Jewess Sr.,lj2993,19,31216,2299506854,F,p7yiphsy,7313 Stillwater Lane ,DS,
Rosie Bruen,rb1832,21,61252,7994282824,M,mn60ih69,453 North Elm Dr. ,CSE,
Lorenzo Dickens,ld8122,19,50515,8963281882,M,1vnxmx51,8131 Elizabeth Ave. ,CSE,
Marjorie Dickinson,md5914,19,32925,5761414752,F,cjiicgr5,963 Court Road ,CMPEN,
Keon Fadel,kf8268,21,94601,1983885794,M,m0bdut14,7764 Union Avenue ,CMPEN,
Penelope Ziemann,pz6665,22,85354,4903891156,F,7j7rei4g,185 E. Trenton Street ,STAT,
Maximilian Ruecker,mr6639,21,34609,3736806826,M,2mjlwhvc,308 Mammoth Dr. ,CSE,
Samanta Collier,sc5452,18,30523,7993688907,M,p8ieksdz,7297 Applegate St. ,CSE,
Tyree Pacocha,tp8468,22,34210,1938713024,M,od1asurx,7529 Old Sunset Road ,CHEM,
Ima Hilll,ih9335,22,80652,8096229224,F,d5mus3og,9498 Newport Ave. ,CHEM,
Miss Ellsworth Goyette,me9525,20,52776,5401056300,M,61ip5i1a,266 Second Street ,IST,
Pasquale Ritchie,pr4075,21,52571,6892755465,M,09vhc6ga,232 W. Homewood Ave. ,IST,
Nicolas Kunde,nk8056,19,96132,7725602202,F,1vpw660p,83 Corona Street ,CMPSC,
Jaunita Zemlak,jz5577,22,20390,7301972665,M,9z5xs7i4,6 Andover Dr. ,CHEM,
Jaunita Paucek,jp2632,18,91106,6928175093,F,6f4h1qhw,7297 Applegate St. ,CMPSC,
Luisa Keebler,lk7361,21,94947,4026102639,F,i15k2z5c,251 West Sheffield Drive ,STAT,
Karli Streich DDS,ks1880,20,30339,7219545979,M,a31lbs06,9236 El Dorado St. ,EE,15.0
Miss Stanton Hyatt,ms2404,20,32164,3254434862,F,xbodkb1p,63 Lake Forest Road ,PHYS,
Isobel Hudson,ih5431,20,81240,4118791845,F,c6m8qq2y,9408 Anderson Court ,CMPSC,
Shaun Marvin,sm4115,20,72852,8248844006,F,cyr5laao,8985 Cambridge Ave. ,STAT,
Justina Schuster,js8078,19,95337,5764153872,M,juqc63zz,285 Dogwood Drive ,DS,
Manuela Blick,mb4117,18,50231,3971228539,F,iqt9wnaq,963 Court Road ,STAT,
Reina McLaughlin Jr.,rm8585,18,86042,2222860116,F,zibhv380,7313 Stillwater Lane ,DS,3.0
Miss Gennaro Torphy,mg1976,18,46347,8236514298,F,hhoz4znw,863 Stillwater Road ,EE,
Kaleb Carter MD,kc4364,20,80816,1302957415,M,o19o3kra,639 Princeton Rd. ,CMPEN,
Reva Hirthe,rh2046,18,47469,1933349133,F,cz4rv678,141 Gulf Rd. ,CSE,
Jennie Haag,jh2885,19,85251,8728869936,M,e3gvatua,185 E. Trenton Street ,IST,
Mikayla Senger,ms9362,21,94107,9998992020,F,t97xa8jr,7313 Stillwater Lane ,EE,
Janis Leffler,jl6447,20,91203,1936566044,M,hza255xn,182 Spring Street ,MATH,
Maverick Rempel,mr2329,22,52737,1968355972,F,u50mz2ki,7195 North Canterbury Circle ,MATH,
Myrtice Armstrong,ma5503,20,46324,1823054503,F,ql6wokcz,7313 Stillwater Lane ,ECON,
Roy Boehm,rb4971,22,62358,3442466276,F,6ch26zsv,91 S. Gartner Street ,CMPEN,
Jackie Considine,jc5818,19,50851,7377371515,F,zrziiod8,91 S. Gartner Street ,CMPSC,
Kristofer Gusikowski,kg2618,21,92008,7353272986,M,c6zw7xeq,9408 Anderson Court ,DS,
Letitia Graham,lg4120,19,61274,6673176141,F,td7qer7k,3 North Linden Ave. ,STAT,
Skye Graham,sg2123,22,95425,8296562358,F,885lnlgn,266 Second Street ,CMPEN,15.0
Thora Predovic Sr.,tp3946,19,47434,1404427899,F,3w4nls9b,285 Dogwood Drive ,CMPSC,33.0
Suzanne Botsford,sb5076,19,85192,9329543320,F,9yzoqecx,3 North Linden Ave. ,CMPEN,
Mr. Hallie Crooks,mh2221,18,30755,9015584978,M,ldrwndyy,78 South Brewery Ave. ,ECON,
Vilma Sauer,vs8351,22,30113,1886491365,M,zagzjbh5,120 Heritage Lane ,PHYS,
Mrs. Marlee Ward,mm1324,21,6066,9987860142,M,5zsqvzsa,7195 North Canterbury Circle ,CMPSC,
Theresa Glover,tg2289,21,80615,9212714963,M,mujxipgm,708 York Dr. ,STAT,
Meredith Kuhlman DVM,mk4648,22,62888,9837771786,M,5tplvmde,336 Myrtle Street ,MATH,26.0
Santino Altenwerth,sa8884,21,83616,1721865840,F,h4hxgcq7,8378 West Pulaski Ave. ,MATH,2.0
Kiley Nienow PhD,kn1468,20,92624,7972195124,F,56evzicb,285 Dogwood Drive ,MATH,
Joe Kirlin DDS,jk5833,21,50654,5541738975,M,8axiqzsa,87 Vermont St. ,CSE,
Malvina DuBuque,md1699,18,81332,5749240295,F,7zez3zsk,88 Harrison Street ,ECON,
Mrs. Chasity Schamberger,mc4814,20,95231,3805502995,M,7vx7covg,7450 West Manchester Street ,CMPSC,
Lucius Lakin,ll2646,20,32359,3403273193,F,yt1zlei9,7130 Longfellow Dr. ,PHYS,
Mariane Reilly,mr3369,22,52569,1094533896,M,1c8zbevj,453 North Elm Dr. ,IST,
Tara Baumbach,tb7100,19,46310,8574550346,M,0m29rudy,963 Court Road ,CSE,
Wilfred Moen,wm3293,20,72383,7726314772,M,vohtstyp,7529 Old Sunset Road ,PHYS,
Jodie Brekke Sr.,jb9557,21,96103,5974899721,M,rhw24sr5,8985 Cambridge Ave. ,CHEM,
Kristopher O'Connell,ko8881,21,30341,9367731514,F,88zlsj5j,7764 Union Avenue ,CMPSC,
Zackary Johnson,zj6533,18,94107,1176394426,F,t2ujdmui,7297 Applegate St. ,ECON,
Max Bashirian,mb4756,18,32754,2427782086,F,obmm3eek,608 North Addison St. ,ECON,27.0
Marietta Runolfsson,mr3556,21,33778,7324827357,F,xkuhje6t,708 York Dr. ,CMPSC,
Ms. Devante Frami,md3813,21,93004,5354909300,F,kr7ql6nc,7195 North Canterbury Circle ,CHEM,
Kali Mills,km6173,19,51031,2633829126,M,re55bd6w,185 E. Trenton Street ,MATH,1.0
Shaun Glover,sg3060,22,61742,8505979086,F,lfd2z2k3,182 Spring Street ,IST,
Mariana Stokes,ms7605,19,32780,5643982379,M,t2xd9avn,266 Second Street ,MATH,
Tommie Mosciski,tm4946,22,30473,8504605906,F,7i18zf4n,9408 Anderson Court ,CMPSC,
Jailyn Green,jg1721,22,30410,1692759843,M,xms08kb4,7195 North Canterbury Circle ,CHEM,
Yessenia Crona,yc2897,21,52737,8914259323,M,wagux3h8,120 Heritage Lane ,CMPSC,
Serena Stiedemann,ss9714,22,52555,6779907478,F,8z5pnlui,8378 West Pulaski Ave. ,EE,
Ressie Boyer,rb9779,21,31701,3834077162,M,2xpz77r8,9659 Rosewood Drive ,CMPEN,
Zackery Reynolds,zr6768,20,51005,9699383013,F,cqu4oqqk,185 E. Trenton Street ,CHEM,
Robb Christiansen,rc6428,22,60551,9712596261,M,tqdgdwnl,798 North Euclid Drive ,EE,
Joaquin Turner,jt5287,21,95388,1241467821,M,pjjaks2g,7313 Stillwater Lane ,DS,
Lucy Oberbrunner,lo7605,21,80229,7565263818,M,bn47qlis,4 Old Academy Drive ,CHEM,
Trudie Runte,tr4637,18,61570,7762439969,F,h6czyxwt,361 E. Sierra Street ,EE,
Lambert Russel,lr3728,22,80433,5751743838,F,a62i6pl3,453 North Elm Dr. ,MATH,
Xavier Greenfelder V,xg4863,20,90240,4493498556,M,sxbpeq1n,6 Andover Dr. ,CHEM,
Mr. Elta Hammes,me5010,18,62571,7679560247,F,lscmydj9,9498 Newport Ave. ,IST,
Lucas Reinger,lr5472,19,30728,4844068684,F,9itfmlss,251 West Sheffield Drive ,PHYS,
Shyanne Heller,sh4974,22,50864,8038803503,F,468vx2eo,91 S. Gartner Street ,CMPSC,
Lorena Anderson,la9924,21,60423,4928605971,M,pyu1l9vk,3 North Linden Ave. ,PHYS,
Marlene Schulist,ms2737,22,46590,8899555991,F,pw8rw005,4 Old Academy Drive ,ECON,
Tobin Balistreri,tb8127,22,33169,3043629905,F,hluyeul5,3 North Linden Ave. ,STAT,
Maudie Murphy,mm2976,18,62049,2096615282,F,6be7cy6j,7130 Longfellow Dr. ,ECON,
Toy Hayes,th3170,18,46310,6937306537,M,vcqhvrf4,9498 Newport Ave. ,DS,
Khalil Kovacek,kk3742,18,52208,5102956315,F,pzivzcis,7529 Old Sunset Road ,CHEM,
Noble Dooley,nd2615,19,94957,4716964683,M,x66pet3n,9659 Rosewood Drive ,CSE,
Sammy Braun,sb6428,21,33136,5007738388,M,21appxs5,91 S. Gartner Street ,STAT,
Rubie Runolfsson,rr9237,20,30545,8163587693,M,pg6loq0c,8687 N. Sleepy Hollow Court ,MATH,
Mr. Mable Prosacco,mm1660,18,61242,3368286915,M,ho1589h3,63 Lake Forest Road ,DS,
Mrs. Reba Heller,mr1462,18,81242,6723670620,F,7wkpb4f4,18 Lakeview Street ,PHYS,38.0
Louisa Gislason,lg1828,19,96761,9046950677,M,bnq1qmcv,7764 Union Avenue ,CHEM,
Jalen Orn,jo7172,19,95547,5054368549,M,1ycbd4va,7313 Stillwater Lane ,CSE,
Miss Ardith Jerde,ma5045,19,91343,4302913419,F,fba3ls3l,708 York Dr. ,CMPSC,
Marianna Cummings,mc4696,21,47983,8184900568,M,65t6knui,120 Heritage Lane ,PHYS,25.0
Ryan Schuster,rs3973,18,32024,9364817680,M,fcksdooc,8131 Elizabeth Ave. ,CSE,
Mr. Yvette Gislason,my7428,22,72432,8349292703,M,p5xjrgpy,8687 N. Sleepy Hollow Court ,IST,
Mohammed Von,mv4275,22,30467,3895685166,F,hxmroy2c,3 North Linden Ave. ,DS,
Vivien Will,vw5806,21,62087,2439011040,F,wi14inop,780 East Redwood Drive ,CMPEN,
Nadia Renner,nr4230,19,94512,6312171601,F,o0u7wza2,6 Andover Dr. ,ECON,
Mrs. Albertha Kautzer,ma3543,21,81410,4661727408,F,0we09v6f,780 East Redwood Drive ,PHYS,
Mossie Considine,mc9149,20,50238,6653031846,F,1kwxyx73,8985 Cambridge Ave. ,IST,
Lavina Goodwin,lg2530,20,33062,9394699891,F,28g2dueo,232 W. Homewood Ave. ,EE,46.0
Stefanie Haley,sh4671,19,91915,4905138789,F,5qe7bghc,120 Heritage Lane ,DS,
Markus Turcotte DDS,mt7030,18,31771,2949385257,M,s0t63ppx,798 North Euclid Drive ,CHEM,
Loyce Torphy,lt3713,21,93449,9921585593,M,jajxpr7a,336 Myrtle Street ,IST,
Jeremie Watsica,jw3861,22,93240,9282338129,M,5x3nzy2o,63 Lake Forest Road ,IST,
Kenyon Rohan,kr4923,19,30557,7232952623,M,w8igr7b2,863 Stillwater Road ,STAT,
Napoleon Fay,nf6339,18,62666,8066765997,F,kh25zijo,453 North Elm Dr. ,CSE,
Melvin D'Amore,md6319,22,94070,5322988722,M,ryu3o2mq,7195 North Canterbury Circle ,DS,
Miss Brain Altenwerth,mb1688,22,47340,7271370727,M,n2dfub1z,3 North Linden Ave. ,CSE,
Marcel Kihn,mk5190,18,6262,5412155700,F,vdpmots3,78 South Brewery Ave. ,STAT,
Ms. Katlynn Mills,mk3204,22,92887,9567631546,M,fxkpjvr8,259 Cleveland Road ,CSE,
Olin Connelly,oc3904,20,93631,2538322913,F,x4wzwl35,863 Stillwater Road ,DS,
Kevin Mante,km6627,20,86433,9415365641,M,brhbtpp6,336 Myrtle Street ,PHYS,
Jerrold Schiller,js6308,18,93930,8571860599,M,c3ixaudm,8378 West Pulaski Ave. ,IST,
Juanita Wilderman,jw4897,20,50208,6259941337,F,95kymlws,9236 El Dorado St. ,CHEM,
Vernice Langworth,vl7715,18,47584,3476574518,F,jxdqxajo,9659 Rosewood Drive ,CSE,
Pink Haag,ph3861,19,81615,6699345334,M,704ilqhr,358 Marvon Ave. ,STAT,
Miss Daren Kessler,md2194,19,61740,9237742228,M,mij0lo81,8131 Elizabeth Ave. ,CSE,
Junior Heathcote,jh3919,19,72118,9651616063,M,2fi47lk3,285 Dogwood Drive ,EE,
Mohammed White,mw5114,19,72520,9143590296,F,ylozvj4o,182 Spring Street ,EE,
Lionel Daniel,ld6778,20,81623,4677875952,F,fpqano7u,141 Gulf Rd. ,DS,
Mr. Catharine Johns,mc1411,20,96113,7242518981,F,vvni2kh3,18 Lakeview Street ,CMPEN,
Lucile Gislason,lg7099,20,85085,6463716796,M,bc4le940,182 Spring Street ,STAT,
Ms. Malinda Greenfelder,mm9659,19,6384,9286531541,F,13kvwsjo,232 W. Homewood Ave. ,ECON,32.0
Reyes Cormier,rc5324,21,50153,2032758990,M,gbqtku3c,7 Arch Court ,IST,
Miss Zechariah Kulas,mz7312,20,32925,7523299214,F,ro0wghzu,6 Andover Dr. ,PHYS,
Mrs. Leonard Bosco,ml5786,22,6370,7758421807,F,c03gkbjx,55 Hall St. ,EE,
Nina Hilll,nh2508,21,92624,8609137362,M,lo21i5t7,8687 N. Sleepy Hollow Court ,CHEM,
Maritza Schaefer,ms2255,21,92024,8902480260,M,fjh8si60,119 Harvey Street ,ECON,
Marlin Pfannerstill,mp4954,19,31007,1458877247,M,93lugexr,78 South Brewery Ave. ,EE,
Lulu Jakubowski,lj7790,19,94965,3227326136,M,f0kf14lp,9498 Newport Ave. ,CMPSC,
Skye Robel Jr.,sr7729,20,80005,7675010360,F,kb3tlio2,18 Lakeview Street ,CHEM,
Mr. Tiana Glover,mt8800,19,34470,6225337150,M,pqq8z7sr,88 Harrison Street ,CSE,
Leonor Davis,ld6540,21,62610,4735427411,F,n7qps904,639 Princeton Rd. ,EE,
Sterling Volkman Sr.,sv5358,20,50420,6724975421,F,72khyt24,655 East Branch Dr. ,PHYS,51.0
Kylie Fay,kf8921,19,94547,1973800908,M,5wy4bon0,285 Dogwood Drive ,CMPSC,
Robb Hegmann,rh4718,18,46181,6284456171,F,meon7rzi,608 North Addison St. ,PHYS,
Victoria Toy II,vt8578,18,6026,3225122861,M,sls2audw,860 Wakehurst Dr. ,STAT,
Lysanne Ullrich,lu6872,19,90017,9702158794,M,ptc0b1y3,358 Marvon Ave. ,EE,
Loma Becker PhD,lb6520,22,62530,3717226857,M,95zc0rwz,285 Dogwood Drive ,STAT,
Karson Bashirian MD,kb6941,22,60043,1487874874,M,zuqm5kpu,7529 Old Sunset Road ,CSE,
Rose Veum,rv5469,19,30215,7703407913,M,xwdu18y9,308 Mammoth Dr. ,CSE,
Miss Lora Will,ml7975,22,33936,3852723836,F,oamszhnw,185 E. Trenton Street ,CMPSC,
Mrs. Joanny Legros,mj4880,22,52216,2473811160,M,5ocovp3j,26 Johnson St. ,CMPSC,
Josefina Frami,jf9661,19,72176,2074620632,F,f9se8wwm,8985 Cambridge Ave. ,EE,
Luisa Turcotte,lt8366,19,83815,7575746070,F,fws0qxaz,7450 West Manchester Street ,STAT,
Jace Swift,js7099,19,47959,1739752641,M,kyknbv85,285 Dogwood Drive ,MATH,
Rae Feil,rf2661,22,60474,1588062443,M,1dig79sf,285 Dogwood Drive ,IST,
Joanny Stracke,js8165,20,30701,1914982922,F,nq4112q9,608 North Addison St. ,EE,
Kailyn Kassulke V,kk3115,20,50634,3975105666,M,sgdlqet1,9498 Newport Ave. ,CMPSC,
Ms. Raoul Lang,mr4635,22,80631,2466899707,F,k6uyidbm,88 Harrison Street ,CMPSC,
Vella Ernser,ve8889,19,6785,4547185091,F,mk737jwg,798 North Euclid Drive ,CMPEN,
Ms. Lori Luettgen,ml3983,22,47940,7718304270,F,u9x7dz70,91 S. Gartner Street ,CMPEN,
Lucienne Dicki MD,ld8065,21,72513,9521838916,F,609akvrd,963 Court Road ,ECON,
Jared Kunde,jk4403,18,46760,7798511396,M,94qak42y,88 Harrison Street ,STAT,
Isabel Nader,in2805,21,52341,1962198158,M,41gfy1ej,6 Andover Dr. ,IST,
Patsy Beer,pb8346,20,31623,2033001056,M,skf5ui3q,266 Second Street ,PHYS,
Rosendo Friesen,rf1782,20,32024,8817991287,F,dok8nl9x,9236 El Dorado St. ,CSE,
Miss Nikki Kassulke,mn6721,22,30275,7837785888,M,1vfo45w7,8131 Elizabeth Ave. ,PHYS,
Savannah Maggio,sm6043,20,34491,3375574921,M,49xkwq6n,120 Heritage Lane ,CMPEN,
Lucinda Jakubowski,lj2224,21,33763,3246739125,M,f2hkrocp,185 E. Trenton Street ,EE,
Wilfred Runolfsson,wr3515,20,60653,3451666217,F,f2ey91az,639 Princeton Rd. ,EE,
Wilma Legros,wl5243,20,61377,7105441171,F,ij8sdkw9,63 Lake Forest Road ,CSE,
Julie Rice,jr8665,19,94041,7146304182,M,xmiiavzz,336 Myrtle Street ,CMPEN,
Nettie Schowalter,ns1210,21,30034,2499327254,M,4wks1yn1,182 Spring Street ,ECON,
Mr. Shanny Haag,ms6173,18,31630,3913166113,M,66krk2ow,9420 Tallwood Street ,ECON,
Newton Ankunding,na8379,18,72126,7429084909,F,8tayuxnr,495 Jockey Hollow Ave. ,DS,21.0
Loyal Schamberger,ls6337,21,46148,8916369391,F,hrj3gm5t,63 Lake Forest Road ,EE,
Simone Mayert,sm9645,18,95709,7455474726,M,06f3jir4,8687 N. Sleepy Hollow Court ,STAT,
Roger Roob,rr8243,18,19936,6625501156,F,euho4xy8,798 North Euclid Drive ,PHYS,
Logan Wolf,lw4369,20,81024,5511094114,M,l2c6cn16,798 North Euclid Drive ,IST,
Isaiah Lakin,il3541,19,52254,3822251786,F,01idi3cu,120 Heritage Lane ,EE,
Miss Giovani Fisher,mg8505,21,66058,4326844400,M,kz3zir6z,259 Cleveland Road ,CMPSC,
Muriel Orn Jr.,mo1186,19,33001,1095023253,F,ginqor0y,91 S. Gartner Street ,MATH,
Pinkie Wilkinson,pw1726,21,32708,4366217650,F,to134xcj,119 Harvey Street ,STAT,
Lenny Mante,lm6031,22,6883,6117235201,F,lmddz47s,7 Arch Court ,ECON,
Mr. Jaylin Kautzer,mj6359,21,30104,5394925840,M,zlergoka,91 S. Gartner Street ,IST,
Pearlie Connelly,pc8832,22,61919,1048213834,M,g6gquwns,358 Marvon Ave. ,PHYS,
Michaela Frami,mf8214,18,83283,4491122827,F,byrmhkrc,8687 N. Sleepy Hollow Court ,IST,15.0
Johnny Breitenberg I,jb5052,18,47841,1433886781,F,79r2lk38,88 Harrison Street ,CMPSC,
Ms. Adah Bode,ma8938,18,83622,7417043584,M,v8a0upa6,7313 Stillwater Lane ,CSE,
Lysanne Frami,lf4727,19,31567,7527897424,M,r5ewbudh,798 North Euclid Drive ,PHYS,
Jonathon Huel,jh1874,22,30720,4525186794,M,8d3tdd6n,9659 Rosewood Drive ,EE,
Reva Bayer,rb6281,18,80453,8047713342,F,6j8qtf9g,655 East Branch Dr. ,CSE,
Ms. Raina Schmidt,mr5864,22,93455,5425348934,F,9tc1sf4b,655 East Branch Dr. ,CSE,
Marco Larson,ml6213,20,93207,8573071401,M,kv6p91kt,608 North Addison St. ,PHYS,
Mr. Kelton Kertzmann,mk7773,21,62035,6608652249,F,bisj7cvm,9659 Rosewood Drive ,PHYS,
Nicolas Cummerata,nc8172,19,80457,4222302111,F,b09izvbz,6 Andover Dr. ,STAT,1.0
Mrs. Joannie Dibbert,mj5914,21,60503,4373709280,F,n4v8hqyq,7450 West Manchester Street ,IST,
Mallie Eichmann,me2148,20,81248,6227287672,M,qmpyhkgz,4 Old Academy Drive ,STAT,
Mr. Keyshawn Cassin,mk8847,18,80720,9872124559,M,4zfuvuep,141 Gulf Rd. ,PHYS,
Miss Yolanda Pfannerstill,my3786,22,52588,6057110393,M,ixfwzeh2,182 Spring Street ,CMPEN,
Jensen McDermott,jm3669,18,61323,1711549778,M,fhsc0rqw,7195 North Canterbury Circle ,EE,
Ursula Fadel,uf7067,22,83316,5641077462,F,yohr8drf,185 E. Trenton Street ,MATH,
Madeline Renner,mr2575,20,62065,5917708018,M,dud61mbj,860 Wakehurst Dr. ,DS,
Mac Bailey,mb3709,18,80721,3595611595,F,yqz5bgrm,232 W. Homewood Ave. ,CHEM,25.0
Jakob Kuvalis,jk4409,18,62053,1466758804,F,dngxq5hi,266 Second Street ,IST,
Yadira Schinner,ys9174,18,52052,7561633471,M,n5bplqw8,88 Harrison Street ,CSE,
Roxanne Fritsch,rf1538,22,95699,5864409152,M,3phvh9ch,18 Lakeview Street ,CMPSC,2.0
Nicolas O'Reilly,no6118,19,95682,3248809033,M,yko7qfpk,7529 Old Sunset Road ,CSE,
Lisette Connelly,lc4994,19,80836,2153181854,F,zl5y07yb,63 Lake Forest Road ,IST,
Orrin Herman IV,oh8195,22,32509,7041485823,M,xa4qupgs,9420 Tallwood Street ,ECON,12.0
Jewel Cole,jc2471,22,50857,3949669069,F,smelkveu,7195 North Canterbury Circle ,IST,17.0
Mariam Mills,mm3162,19,81067,6348114133,F,qfnrr7q6,461 Heather Street ,CMPEN,
Jasen Hand,jh7997,19,96818,2181906012,M,e44gixtz,963 Court Road ,DS,
Irwin Kreiger,ik6824,20,91950,3663619460,M,wd6c5b8t,7297 Applegate St. ,DS,
Thurman Kessler,tk5748,21,60515,8266342410,F,lcxh50pn,963 Court Road ,DS,
Tobin Schinner PhD,ts1830,21,94305,8628781391,M,ilnv4fc7,7764 Union Avenue ,EE,1.0
Karen Ritchie,kr6619,20,85615,4112030604,M,nejwj0g9,78 South Brewery Ave. ,DS,
Robert Krajcik,rk2653,19,47558,8742787356,F,fbcoyeuk,708 York Dr. ,PHYS,
Sophia Graham,sg4622,21,62841,3997995256,M,jau0vvp1,232 W. Homewood Ave. ,CMPEN,
Judson Lubowitz,jl3236,21,6762,6931764598,F,ekgc03iz,461 Heather Street ,DS,
Kelly Harber,kh1826,19,50560,9049089503,F,r6lql7ka,78 South Brewery Ave. ,IST,1.0
Mr. Elliott Gibson,me2596,18,94933,2809940058,F,du07mr15,8687 N. Sleepy Hollow Court ,DS,
Johnnie Little,jl9851,19,47385,7388943623,M,avrak6tf,358 Marvon Ave. ,IST,
Stephany Weissnat,sw7724,18,51007,5126105847,F,genhnfwu,7130 Longfellow Dr. ,PHYS,
Kiley Howe,kh5883,20,50120,6035727543,M,297q8crc,963 Court Road ,CMPSC,15.0
Mariana Nicolas Jr.,mn2842,19,32951,3402751428,F,mvoktbee,78 South Brewery Ave. ,CHEM,
Mr. Therese Sauer,mt7911,18,30206,9007215536,M,u61545ij,780 East Redwood Drive ,STAT,
Pedro Fadel,pf6936,20,93925,2074521789,F,voqefyok,8687 N. Sleepy Hollow Court ,CMPEN,
Mafalda Cremin,mc8336,19,83627,3818459178,M,e59cih6r,639 Princeton Rd. ,EE,
Mrs. Vesta Aufderhar,mv1311,21,50027,1633676967,F,fw1vmu6d,8401 Green Rd. ,CHEM,11.0
Kari Kunze,kk2666,22,52550,5766377616,M,59hg8iiw,63 Lake Forest Road ,CMPSC,
Otis Kirlin,ok7520,20,86545,8942468432,M,sv6m90rj,608 North Addison St. ,ECON,
Miss Tianna Beatty,mt3151,21,52751,6787335758,F,nruazyy2,285 Dogwood Drive ,DS,51.0
Laurel Bogan,lb8326,21,94938,6491505606,F,0384qogi,9408 Anderson Court ,CHEM,
Lane Hilpert,lh1031,20,93553,6384088210,M,9wsxm9n2,6 Andover Dr. ,STAT,
Mertie Nicolas,mn1239,22,32656,8012273265,F,2s38fy1y,655 East Branch Dr. ,CHEM,
Karley Abbott Sr.,ka1472,20,31016,9493739775,F,2vicyb49,232 W. Homewood Ave. ,ECON,
Tremaine Turcotte III,tt1799,21,72103,2763080312,M,v08qy7ak,7450 West Manchester Street ,CMPSC,
Maci Runolfsson,mr5565,21,81501,6357040209,F,atpig6cx,461 Heather Street ,IST,
Miss Aurore Jacobi,ma6036,18,93242,7172442077,M,ohnzfbua,461 Heather Street ,IST,
Ms. Reuben Donnelly,mr9406,19,46118,1566790236,M,0ofwccee,361 E. Sierra Street ,CHEM,26.0
Oren Simonis MD,os4077,19,80924,5432544725,F,rbm7nj0l,18 Lakeview Street ,CSE,
Miss Isabell Corwin,mi6642,18,32204,5917605405,F,l6qnsfh8,780 East Redwood Drive ,MATH,
Misty Jenkins,mj1523,22,85201,6811937505,F,kl1qwhlb,185 E. Trenton Street ,CMPEN,
Priscilla White,pw7815,20,52747,9306737427,M,yxkcwdgq,18 Lakeview Street ,CSE,
Jules Oberbrunner,jo5683,21,52728,8781629198,F,e83hpu1t,708 York Dr. ,IST,2.0
King Lebsack,kl1348,18,31906,5057839967,F,8wb1rxkk,251 West Sheffield Drive ,STAT,
Naomie Sporer,ns2358,21,50116,7287859520,F,vhqlpsxm,461 Heather Street ,EE,
Vladimir Reichert,vr4622,19,32359,4456320903,M,x1pcj1lj,7529 Old Sunset Road ,MATH,
Milford Koepp,mk1572,20,93260,6098525739,M,0mw55wlu,9659 Rosewood Drive ,STAT,
Trent Schamberger,ts5040,22,96038,9439374882,M,nu5j89vv,8687 N. Sleepy Hollow Court ,IST,
Meredith Jenkins,mj1117,20,51555,7361960684,F,b7vlqf67,119 Harvey Street ,MATH,
Kaci Parker,kp5214,20,85706,6326652525,F,7ju36d6x,608 North Addison St. ,MATH,
Macey Emmerich,me4221,20,32626,8229536304,F,3bo30fmd,9408 Anderson Court ,PHYS,
Lambert Hermiston,lh8743,20,52335,6754912126,F,7w0nvvdk,63 Lake Forest Road ,DS,
Kale Ankunding,ka6770,19,50254,6645075597,M,zueofsd7,963 Court Road ,CMPEN,
Wiley Anderson,wa5135,18,33924,6256240304,F,w243ok57,9236 El Dorado St. ,DS,44.0
Liam Adams,la7071,20,32968,5343353275,M,vbh4oyvh,185 E. Trenton Street ,CHEM,
Kaci Lynch,kl9753,19,32607,3487167058,F,cv1y6th1,141 Gulf Rd. ,IST,
Jett Hamill,jh3336,21,31823,4484285093,F,s3hc5no3,8378 West Pulaski Ave. ,CHEM,
Simone Brekke,sb1972,19,39845,1082903503,M,j7r0a57m,308 Mammoth Dr. ,CHEM,
Keshaun Bailey DDS,kb3574,18,85381,1315556023,F,rra42qn8,608 North Addison St. ,DS,
Lavon VonRueden,lv3076,22,81023,6042639890,F,v7zygrtm,8378 West Pulaski Ave. ,CHEM,
Max Trantow,mt4811,21,83254,3684776512,M,wsm19ofu,7764 Union Avenue ,CMPEN,
Zetta Predovic,zp7831,20,67801,4088991818,F,d3dgrdyb,8401 Green Rd. ,CSE,
Meredith Runolfsdottir,mr1020,21,91763,7321132322,F,7parpwv4,119 Harvey Street ,IST,
Westley Smith,ws6593,21,32162,5776339450,F,teicrr0i,120 Heritage Lane ,ECON,
Laura Windler,lw8769,22,47868,2157652487,F,4zg52bmc,7450 West Manchester Street ,DS,
Mrs. Shaylee Grady,ms6765,22,51026,3508749824,F,r5rdlt3p,232 W. Homewood Ave. ,MATH,
Modesto Jast,mj9606,22,80442,1455462055,M,hqz70t65,232 W. Homewood Ave. ,CMPSC,
Jayson Conroy,jc4011,20,93722,5551845582,M,eo12cwf1,91 S. Gartner Street ,CHEM,
Maia Jaskolski,mj5224,20,52228,9141156609,F,1ugb9cmy,63 Lake Forest Road ,CMPSC,2.0
Jeramie Zieme,jz6925,18,33521,8003330817,F,k5yvaa0l,182 Spring Street ,PHYS,
Vergie Olson I,vo6259,19,66748,5758562904,F,2bydpo29,655 East Branch Dr. ,CMPEN,
Katarina Stroman,ks3998,20,50167,1311479300,F,rhxt4g5n,8401 Green Rd. ,STAT,
Mr. Tyra Kertzmann,mt3231,18,46704,1597070175,F,exvtqnja,8378 West Pulaski Ave. ,CSE,
Wilhelm Schroeder,ws8716,20,62907,8209958576,M,zypbenkp,141 Gulf Rd. ,CMPSC,
Mrs. Darren Stokes,md7627,20,72828,1166814666,F,uv6lyhx1,141 Gulf Rd. ,CMPEN,
Tiffany Hintz,th2610,18,30004,9698336054,M,h9on7qnt,798 North Euclid Drive ,ECON,
Meggie Heaney,mh8661,18,33744,5622868529,M,62pu6wfu,6 Andover Dr. ,STAT,21.0
Valentin Koch,vk8864,21,71865,4348680611,M,651y3i92,6 Andover Dr. ,ECON,
Magnolia Hauck,mh3437,21,20037,6609300331,M,un370oka,251 West Sheffield Drive ,ECON,
Willy Witting,ww9231,21,67625,2674195979,F,kj60tdn2,453 North Elm Dr. ,MATH,
Mertie Kessler,mk1676,18,85029,9171231993,M,85455s3q,7529 Old Sunset Road ,MATH,
Ubaldo Brakus,ub9586,19,80914,7248565345,F,x506uggh,26 Johnson St. ,IST,
Lorenza Herzog,lh6961,19,61320,5778016180,M,v3gdwdc5,4 Old Academy Drive ,CSE,6.0
Kassandra Feeney,kf5693,18,52041,3765733289,M,kugxq36s,639 Princeton Rd. ,IST,
Sarina Brakus,sb2082,21,95350,7737054591,M,wxsmyx7m,358 Marvon Ave. ,IST,
Ms. Novella Leannon,mn2870,19,85924,5552747844,M,jp6g9t7o,26 Johnson St. ,MATH,
Ulices Greenholt,ug5112,22,93226,1807621191,F,dxkepcty,863 Stillwater Road ,CMPSC,
Trisha Kutch,tk1529,20,62294,3767992226,M,qecf5aq9,708 York Dr. ,IST,
Isadore Bednar,ib2806,19,6114,5148660351,M,uua3sa2w,9408 Anderson Court ,CMPEN,
Oda Satterfield III,os7226,18,32065,5058863325,M,mjn5h1ar,55 Hall St. ,CMPSC,
Niko Effertz,ne9599,19,61605,2961455228,M,zyidgkic,26 Johnson St. ,IST,
Vivian Grady,vg5084,20,52336,4007602098,M,mngwzy70,608 North Addison St. ,ECON,
Mr. Rashad Haley,mr5670,18,95841,8902483020,M,64l3koc2,63 Lake Forest Road ,CMPEN,
Kyler Marvin,km6416,22,30734,4582100690,F,ogioyglf,336 Myrtle Street ,EE,
Sarai Jakubowski,sj7472,22,52202,8687411598,M,s90gbel7,9420 Tallwood Street ,PHYS,21.0
Wilfrid Rath,wr1679,21,83354,8201409867,M,aqiwjran,9420 Tallwood Street ,CMPSC,
Mr. Rosario Breitenberg,mr8602,21,67144,2795082165,F,wdej56s0,7 Arch Court ,CHEM,
Miss Alayna Simonis,ma8046,18,51631,2528643501,M,a771edmk,7764 Union Avenue ,ECON,
Melissa Green,mg1007,22,72959,9217104672,F,0chfsvgv,9236 El Dorado St. ,CHEM,
Lauryn Hayes,lh3004,19,92595,9185406650,F,yc5lx7ko,78 South Brewery Ave. ,PHYS,
Zachariah Ritchie,zr6066,19,32835,8462684873,M,ox4oj6bk,7764 Union Avenue ,PHYS,
Jayde Gutkowski,jg5906,21,33165,8518534654,F,ur67r649,863 Stillwater Road ,PHYS,15.0
Oral Kozey,ok5696,21,93013,8249370325,M,w4lw74bb,78 South Brewery Ave. ,PHYS,
Michael Weber,mw5391,20,95606,2683513053,F,gw0fvr67,285 Dogwood Drive ,CHEM,
Skyla Maggio,sm5970,22,62049,2355836986,M,vxoiplyk,780 East Redwood Drive ,CSE,
Ms. Nickolas Stoltenberg,mn6897,22,60410,7182529846,M,v0ao01h6,8401 Green Rd. ,CMPSC,
Rosanna Mayer,rm8553,19,6070,7571983272,F,hvp8c1pa,8131 Elizabeth Ave. ,ECON,
Jaiden Little,jl5459,19,72856,7588930385,M,0plitcjo,185 E. Trenton Street ,CSE,
Ms. Lindsay Trantow,ml1743,18,80612,6713023781,F,y5vg4l0f,9659 Rosewood Drive ,DS,
Pierce Hettinger,ph1773,21,72434,5009519689,F,ri2ema2v,798 North Euclid Drive ,CSE,
Mr. Alexandria Graham,ma8953,18,46771,9253448754,M,c4mxuuqi,55 Hall St. ,CHEM,
Pearlie Purdy,pp2997,19,96120,3332947413,F,o1fefu43,639 Princeton Rd. ,ECON,2.0
Vada Kerluke,vk7408,20,51572,7039938740,M,ids1tqkg,780 East Redwood Drive ,STAT,
Raymond Oberbrunner Sr.,ro9937,20,80477,8157436784,M,ekfvrwnv,308 Mammoth Dr. ,EE,
Tess Farrell,tf2405,18,6078,2713446513,M,bbub3bn6,495 Jockey Hollow Ave. ,STAT,
Providenci Mitchell,pm3642,21,72206,6724615581,M,5jaf22em,9236 El Dorado St. ,PHYS,21.0
Kaci Runolfsdottir,kr9949,21,86033,4362855985,F,4l677h7b,7 Arch Court ,STAT,43.0
Mr. Tyshawn Rice,mt2086,18,94102,9054148275,F,lugv35xs,63 Lake Forest Road ,CHEM,
Tremaine Williamson DDS,tw6502,20,72553,9238044565,F,v8vwyn9u,259 Cleveland Road ,ECON,
Ova Legros,ol7450,19,50430,4421719190,F,sjh2j7al,120 Heritage Lane ,ECON,
Jasen Walker IV,jw6319,22,72553,5311048660,F,7b5mmk0k,87 Vermont St. ,CMPSC,
Orie Kunde,ok8829,21,81650,9458840883,F,0mtlfueb,88 Harrison Street ,EE,
Pablo Shields,ps1087,18,33455,4523475135,M,0btsy90l,251 West Sheffield Drive ,MATH,
Mrs. Paolo Runolfsdottir,mp7952,20,81624,6629011071,F,yvw13vva,259 Cleveland Road ,MATH,
Stuart Murray,sm5549,21,91948,8806712654,M,4ubv2rui,7450 West Manchester Street ,IST,
Timothy Dibbert V,td2477,20,80863,6179107118,M,jqnrvtrh,7297 Applegate St. ,MATH,
Shania Mayer II,sm8842,18,80498,4181596609,M,evr5of46,8985 Cambridge Ave. ,PHYS,
Jolie Pagac,jp5962,20,50212,7882680783,M,glomie2r,461 Heather Street ,ECON,
Miss Garfield Considine,mg1791,18,90210,8685504022,M,97wpdce3,361 E. Sierra Street ,CMPSC,
Stephania Gusikowski,sg1979,19,46048,4572338773,M,l1gmkdot,358 Marvon Ave. ,PHYS,
Lauretta Ortiz,lo3428,19,33158,4707633674,M,2egyxxlf,780 East Redwood Drive ,PHYS,15.0
Ms. Luisa Hackett,ml7753,21,96863,2205465939,F,njqkhbk1,182 Spring Street ,CMPEN,
Jarrett Strosin,js3927,19,51006,9813657428,M,9omxaej6,358 Marvon Ave. ,CMPSC,
Miss Erika Champlin,me9897,21,46992,8168631527,M,wlbwyq0u,55 Hall St. ,EE,
Ms. Broderick Rosenbaum,mb5390,20,96073,7053017551,F,x55rpyay,8687 N. Sleepy Hollow Court ,STAT,
Sage Gottlieb,sg4417,22,46740,5253887441,F,uspynxlx,91 S. Gartner Street ,STAT,
Laverne Toy,lt7103,21,61333,1295643215,M,du9dnihl,26 Johnson St. ,IST,
Piper Turner,pt3035,18,6804,1744219539,M,lygiglih,3 North Linden Ave. ,ECON,
Wilhelm Cremin DDS,wc1418,19,83706,7714135010,F,7pvgb1zz,963 Court Road ,CMPEN,42.0
Miss Marcella Corkery,mm2047,19,72908,4832369509,M,v4zb3jgz,9599 La Sierra St. ,ECON,51.0
Mr. Amely Brown,ma4242,20,83839,1319520365,M,jvu0nzlk,7764 Union Avenue ,PHYS,
Jensen Nitzsche,jn3590,22,83254,2506972248,F,qb44g4dk,266 Second Street ,ECON,
Miss Harmony Smitham,mh4972,22,33157,3923352386,F,2n5005op,285 Dogwood Drive ,CMPSC,
Jordan Hilpert,jh3004,19,71933,4788713740,M,t4lokykc,9599 La Sierra St. ,ECON,
Shea Pacocha,sp7638,21,60619,5087049581,M,fsrrus7y,9599 La Sierra St. ,EE,
Vivienne Nolan,vn4576,18,93669,2896421730,M,vv66g921,259 Cleveland Road ,ECON,
Mr. Jamie Rolfson,mj2446,19,62671,8147743257,M,ucjic0w9,308 Mammoth Dr. ,CMPEN,
Mollie Hegmann,mh9005,20,30683,7652894340,M,k6oyux03,3 North Linden Ave. ,CMPEN,
Mariano Price,mp5777,19,61256,2593775871,F,michr3i2,863 Stillwater Road ,DS,
Mrs. Jamarcus Hintz,mj1886,22,34683,7926066406,F,5n7v2kpx,78 South Brewery Ave. ,IST,
Mrs. Pedro Hyatt,mp5980,18,95922,9008923897,M,b0ik492k,87 Vermont St. ,CMPSC,
Mr. Rebeca Zieme,mr7087,20,91361,7913563230,F,k0nmx856,8687 N. Sleepy Hollow Court ,STAT,
Kamren Keebler,kk1267,21,47863,2429848318,M,erpw7yc1,863 Stillwater Road ,CMPEN,
Jaden Mayer,jm7206,22,72082,4617207625,F,t3cc9z99,185 E. Trenton Street ,DS,
Mrs. Murphy Torp,mm8916,18,61863,7574474961,M,zhficzyu,141 Gulf Rd. ,CMPEN,
Jamie Reilly,jr1301,20,72438,4291445566,F,kbpsbr3f,7130 Longfellow Dr. ,EE,
Russell Quitzon,rq8420,18,93452,1718817285,M,18039p3n,963 Court Road ,MATH,46.0
Tyrell Fay,tf8025,21,33407,5742760539,F,5pvjbo7e,285 Dogwood Drive ,EE,
Osvaldo Bogan,ob6043,21,52305,8031723095,M,ktfuzxp9,7130 Longfellow Dr. ,CMPEN,
Jerrold Dicki,jd3188,20,61041,8303761985,M,9q2thys7,83 Corona Street ,ECON,
Napoleon Boyer,nb5135,21,62207,2892566004,M,0nzzhtfv,7 Arch Court ,CMPSC,
Jolie Smitham,js4888,22,34237,6242245131,F,j3od3n4p,453 North Elm Dr. ,CMPEN,
Mrs. Trevor Brown,mt1283,18,31058,3362842663,M,hol7b2mw,7130 Longfellow Dr. ,PHYS,
Tara Berge IV,tb4699,19,62526,4149484145,M,f27vzunk,182 Spring Street ,CHEM,
Jaylen Feil,jf5072,18,96109,9488982867,F,s0ar4vzh,8401 Green Rd. ,PHYS,
Mrs. Jaleel Runolfsson,mj8109,20,51346,2947108351,F,xoiyx6kc,8131 Elizabeth Ave. ,DS,
Stefanie Legros,sl8096,18,72522,6484916382,F,yf61naw6,63 Lake Forest Road ,ECON,
Will Gusikowski,wg1476,18,31314,8456016939,F,wbaj93jd,860 Wakehurst Dr. ,CHEM,
Lauren Bahringer PhD,lb1184,18,31560,4165934945,F,dot0tf8n,78 South Brewery Ave. ,DS,
Kari Weber,kw1043,21,47581,1843345418,F,gyuo6s68,963 Court Road ,STAT,
Leola DuBuque Sr.,ld4137,21,92883,9335224237,F,fsj3c1kx,495 Jockey Hollow Ave. ,CMPEN,
Neva Berge,nb2686,22,51571,6053696827,M,t3tb56et,8131 Elizabeth Ave. ,MATH,
Rupert Kemmer,rk8121,21,71859,1956880568,M,nqr175z6,9408 Anderson Court ,CHEM,24.0
Vicenta Prosacco,vp6083,22,95527,2531345470,F,1ud2uqwt,655 East Branch Dr. ,CMPEN,
Mr. Braulio Schultz,mb7672,18,19941,2751108926,F,vf1lz76e,63 Lake Forest Road ,MATH,
Rubie Harvey,rh9618,19,61871,8321821439,M,l4kd44ir,9236 El Dorado St. ,STAT,
Levi Willms,lw7685,18,92321,9002351597,M,7m8mr0xn,7764 Union Avenue ,MATH,
Mckayla Eichmann,me6698,22,51350,8857439477,F,ffb2ht7r,120 Heritage Lane ,MATH,34.0
Marjory Pfeffer,mp7693,20,52728,1492382253,M,o3dr5v73,9236 El Dorado St. ,PHYS,
Una Stark PhD,us6442,21,30082,3753171805,M,l35tyonq,358 Marvon Ave. ,STAT,
Miss Adolfo Lesch,ma9983,21,33442,8698592818,F,yd06ojzw,358 Marvon Ave. ,CSE,
Marisol Konopelski,mk7105,22,60408,5969271138,M,324dzpe5,7529 Old Sunset Road ,MATH,
Ms. Adrianna Hahn,ma3822,18,51010,7118275106,M,puhwjytc,639 Princeton Rd. ,STAT,
Verner Yundt,vy1999,22,60475,3367751769,F,4dd4cw3t,141 Gulf Rd. ,EE,
Lionel West,lw8160,19,93531,5302149060,M,psuozril,26 Johnson St. ,IST,
Noah Moore,nm4783,20,71730,4552119384,F,iy1zte43,8985 Cambridge Ave. ,PHYS,
Nestor Baumbach PhD,nb4212,22,60503,3678835882,F,t317pzht,87 Vermont St. ,CHEM,
Marisa Schaden,ms9882,19,47453,7825100810,F,ap6zwdg6,7130 Longfellow Dr. ,PHYS,
Miracle Kerluke,mk2377,18,62002,5229337652,F,m7rl0est,7297 Applegate St. ,ECON,
Roxane Watsica,rw1366,19,71913,1318170337,M,wzrfyu4b,3 North Linden Ave. ,MATH,
Marianna Runolfsdottir,mr5319,18,93950,8309595735,F,boobfpsc,141 Gulf Rd. ,STAT,
Kaylah Zieme,kz9097,20,6016,3981098637,F,93fazlav,639 Princeton Rd. ,CMPEN,
Marques Langworth,ml7288,21,95237,6293576932,F,8u9m3vy0,120 Heritage Lane ,ECON,3.0
Jayson Doyle,jd5932,19,34442,1013477524,F,hm6f5dki,655 East Branch Dr. ,CSE,
Lexie Kuphal,lk1182,21,92672,3841865718,M,i86a0wes,9236 El Dorado St. ,CMPEN,
Jedediah Koch,jk1331,20,95492,4738799432,M,9xsuk73g,7297 Applegate St. ,DS,
Josue Weber,jw9436,20,72201,5121621336,M,vzbjdv3k,4 Old Academy Drive ,MATH,
Zane Wunsch III,zw5425,19,72031,5498709895,F,azwrgwfc,8131 Elizabeth Ave. ,ECON,
Juana Kris MD,jk5021,21,60448,2804689355,M,mok0ne4f,18 Lakeview Street ,CMPEN,
Mr. Nicole Raynor,mn1003,22,81430,3895736341,F,9w0dzvox,3 North Linden Ave. ,PHYS,
Patience Hackett,ph8799,22,95816,3868609427,M,vi91ma60,9420 Tallwood Street ,IST,
Jessy Leannon,jl8774,19,93664,1183301150,F,cort4ur0,7 Arch Court ,PHYS,
Mattie Jerde,mj7408,21,80122,8472213601,F,n1dy26kb,7195 North Canterbury Circle ,PHYS,
Nils Simonis,ns6501,19,90241,3444148311,M,dolqvilg,8401 Green Rd. ,EE,
Lola Rau,lr5589,19,96034,3341364844,F,u6hzmqce,453 North Elm Dr. ,CHEM,
Miss Esperanza Macejkovic,me5409,19,91702,2064475171,M,h6596pmb,185 E. Trenton Street ,IST,
Mrs. Ciara Watsica,mc9096,18,31789,6166741478,F,9e902fh5,461 Heather Street ,DS,
Jeramy Kessler,jk4116,19,50439,3832716350,F,tc7wzen5,9498 Newport Ave. ,EE,
Kim Brown,kb9285,22,93624,7708253520,F,bb20e3eo,182 Spring Street ,MATH,
Kiley Quitzon,kq6968,19,66418,5396666150,M,ncauyhl8,860 Wakehurst Dr. ,MATH,
Miss Jaeden Wehner,mj6957,18,30233,8598964009,F,50ios7oc,6 Andover Dr. ,CHEM,
Trenton Price,tp4444,22,80498,6494616697,F,7xngmflx,185 E. Trenton Street ,CHEM,47.0
Mrs. Elvie Langosh,me6706,22,61091,5734086448,M,koq3w7uq,91 S. Gartner Street ,MATH,
Kyler Becker,kb8171,19,66732,1444414208,F,qaim4nyr,9408 Anderson Court ,PHYS,
Selmer Romaguera V,sr6321,18,61364,9092819096,M,y8ctfvas,185 E. Trenton Street ,IST,39.0
Jedediah Hahn,jh1737,18,33068,7639232874,M,r3fjawr3,7195 North Canterbury Circle ,DS,
Sedrick Prosacco,sp1616,22,51652,4052362441,M,ml2h208b,8985 Cambridge Ave. ,PHYS,
Phoebe Murazik I,pm4249,19,62987,9659287653,F,7lkh0drk,285 Dogwood Drive ,DS,
Turner Leffler,tl1139,21,81001,9193044172,F,aw578ax6,453 North Elm Dr. ,CSE,
Izabella Murphy,im1645,21,60920,8737804888,M,9fxd7jbx,7 Arch Court ,PHYS,
Spencer Doyle,sd6073,18,31709,3487862635,M,h4s07rdo,860 Wakehurst Dr. ,ECON,
Penelope Okuneva,po7371,21,50633,3928924740,M,ip7d5auz,55 Hall St. ,MATH,
Wilburn O'Reilly Jr.,wo4044,20,62976,5777206285,M,763l3i7c,91 S. Gartner Street ,DS,35.0
Mr. Citlalli Kirlin,mc4662,20,32117,8402006380,M,29h5hyri,9408 Anderson Court ,CSE,17.0
Mossie Marks,mm9624,18,19707,4143159588,M,qn3gf4jy,182 Spring Street ,IST,
Ned Bechtelar,nb6183,22,51445,9429844199,F,0st9amrk,232 W. Homewood Ave. ,STAT,
Miss Mireya Dach,mm4674,21,93513,3241974001,F,g7du1ojo,88 Harrison Street ,EE,
Virginia Hoppe,vh5298,18,34450,9653704390,M,xq61mjeu,336 Myrtle Street ,CMPEN,30.0
Miss Idell McLaughlin,mi2648,22,83285,4387486639,M,m8xeqokb,7130 Longfellow Dr. ,STAT,
Janet Streich,js3229,19,72567,8818253738,F,e96c7keo,266 Second Street ,MATH,
Martina Trantow,mt2801,20,30752,3724914120,M,bo0jngmw,336 Myrtle Street ,MATH,
Octavia Hane,oh9599,19,47847,5273651547,F,f82kxu02,7764 Union Avenue ,DS,
Jeremy Boyer,jb9306,20,33476,4857393283,F,v9ssce9g,655 East Branch Dr. ,CMPEN,
Juana Cronin,jc1462,21,47455,1762762717,M,q9d9s6dq,7195 North Canterbury Circle ,DS,
Kane Satterfield,ks1926,18,90001,7144860612,F,sl8woypo,7529 Old Sunset Road ,CHEM,
Stephon Bernier,sb5646,22,6469,4613199933,M,2vzzya36,9599 La Sierra St. ,CSE,
Mr. Rudolph Littel,mr3116,21,46301,8353967790,F,l9hbj48g,9659 Rosewood Drive ,IST,
Sonya Nitzsche,sn9491,20,61438,3433995645,F,5yi7x0eo,78 South Brewery Ave. ,ECON,
Mr. Gudrun Dickinson,mg7684,18,46011,4549235346,F,rl2cp87v,8687 N. Sleepy Hollow Court ,CMPEN,
Orland Rau,or2228,18,92337,8474769967,M,kvn8iy42,9659 Rosewood Drive ,CMPEN,
Mrs. Deanna Wuckert,md6611,20,92267,7045832630,M,vtosgz5l,780 East Redwood Drive ,CHEM,
Jarred Kutch,jk4027,18,81141,9682222839,F,s5sdwxe9,3 North Linden Ave. ,CMPSC,
Karine Davis,kd4323,22,90660,6419649443,F,ky47f40i,708 York Dr. ,CSE,
Miss Ottilie Dooley,mo4621,19,72821,6306648388,M,yj2pbwup,285 Dogwood Drive ,CMPEN,
Miss Guy Nader,mg4093,21,95463,9418594243,F,2ah4ktzw,9236 El Dorado St. ,CSE,
Nikolas Moen,nm3617,18,34232,7365674093,F,vlzywpvf,9408 Anderson Court ,CSE,
Sydnie Reichert,sr9640,19,62643,8539937111,M,iplj2xy6,9498 Newport Ave. ,CSE,
Merlin Ward,mw6081,20,66860,1376656605,F,32646od4,798 North Euclid Drive ,PHYS,
Leatha Torp,lt8326,18,33403,3904082077,F,ey2211w5,8378 West Pulaski Ave. ,CMPSC,
Miss Bailee Bogan,mb8575,19,83548,7466111629,M,sh4xt2bg,119 Harvey Street ,CSE,
Stuart Cruickshank,sc6597,20,83836,5647298935,M,l1v69w0t,9599 La Sierra St. ,EE,
Ms. Alice Grady,ma8535,21,94028,3444201688,F,diy15lsc,7 Arch Court ,STAT,
Madison Beer,mb5410,18,85551,8938145607,F,lb72y2as,9236 El Dorado St. ,EE,
Tremayne Bode,tb1810,18,51363,6692960331,M,o7e5y5dx,120 Heritage Lane ,CMPEN,
Jocelyn Gibson,jg7835,20,81133,1089845771,F,maqpunnl,7450 West Manchester Street ,CMPEN,
Yesenia Cruickshank,yc8409,18,6413,1928584788,F,vq1nni34,9498 Newport Ave. ,ECON,
Nedra Langworth DDS,nl1189,20,83336,3853738895,F,5aoxsizv,63 Lake Forest Road ,CMPSC,
Miles Gottlieb,mg8396,20,33618,4235394475,M,nxo2mwgf,308 Mammoth Dr. ,ECON,
Tobin Armstrong,ta4214,19,46792,4088360733,M,mklvq7ae,78 South Brewery Ave. ,CHEM,
Jerome Carroll,jc9373,22,61605,7747435349,F,shhpv8p7,7 Arch Court ,CMPSC,
Miss Roger Hermann,mr3131,21,51440,2802999790,F,02urjsak,453 North Elm Dr. ,IST,
Mrs. Jarod Hauck,mj9296,19,93551,8827206560,F,kcu3vjig,83 Corona Street ,STAT,
Lupe McClure V,lm8503,21,46115,2405647274,F,j2sxy242,88 Harrison Street ,IST,
Ms. Tess Volkman,mt6337,22,72542,4221799990,M,pb0hfa5q,336 Myrtle Street ,ECON,
Marcelle Orn,mo2344,18,34996,5271289567,M,gx3wwjpy,87 Vermont St. ,PHYS,
Madeline Lowe,ml8317,19,33635,4032650273,F,ncjwln3k,259 Cleveland Road ,CSE,46.0
Miss Grayson Pagac,mg7641,18,33129,2986945206,M,dougrd3c,9659 Rosewood Drive ,CMPEN,
Luisa Lynch II,ll6444,20,72717,8233322701,F,okou3evv,7195 North Canterbury Circle ,MATH,
Ms. Donavon Ferry,md1308,19,19902,2486083463,F,c1tkc0cu,83 Corona Street ,PHYS,45.0
Jalen Dietrich DDS,jd5592,21,52802,3869844762,M,ctrbgry4,83 Corona Street ,PHYS,
Stella Kohler,sk9053,18,46407,2216443811,F,o1kwtc35,78 South Brewery Ave. ,DS,
Mrs. Trisha Flatley,mt1262,20,92549,5935197400,M,9pp8rq5t,308 Mammoth Dr. ,CMPEN,
Mireya McKenzie,mm6682,20,50648,5063775369,F,scejc8la,7130 Longfellow Dr. ,STAT,
Nestor Willms,nw3340,18,95556,5659925408,M,x6dvvxsz,7764 Union Avenue ,PHYS,
Trevor Douglas,td2308,18,72950,3171240274,F,7t094e9g,8401 Green Rd. ,CMPEN,
Jaydon Wolff III,jw3297,18,92618,5324068953,F,cn3jhka6,655 East Branch Dr. ,DS,
Stuart Paucek,sp1402,18,72438,5244913075,M,m5cocubj,26 Johnson St. ,PHYS,42.0
Maeve Lindgren,ml5796,21,62501,5927126915,F,ui580f4n,63 Lake Forest Road ,CHEM,
Keshaun Cremin,kc1302,22,96708,8718744936,F,v0fgasd7,78 South Brewery Ave. ,PHYS,
Lorenz D'Amore,ld9084,18,19733,2913497921,M,ftqmprpx,361 E. Sierra Street ,CMPEN,
Ottis Carter,oc9232,18,31316,1837000043,M,xcjcr4fc,308 Mammoth Dr. ,CHEM,
Mr. Abdullah Nienow,ma9716,22,86403,4891686083,M,9850zhhi,26 Johnson St. ,CMPEN,
Joel Hessel,jh2181,18,81504,5141184178,F,p90ls52s,6 Andover Dr. ,ECON,
Mrs. Deangelo Larson,md7018,18,6090,6121194871,M,pczfi6i4,120 Heritage Lane ,MATH,
Rey Mayer,rm1496,21,85003,4242334599,M,rqgrpbb3,4 Old Academy Drive ,CMPSC,
Osvaldo Goldner,og7528,21,80624,7422569147,M,o3hihfsr,863 Stillwater Road ,CSE,
Miss Archibald Parisian,ma8013,21,47948,9564305076,F,jc1yhwrz,860 Wakehurst Dr. ,PHYS,
Kirk Kshlerin,kk5103,22,52626,4913827938,F,o27khz2d,780 East Redwood Drive ,CHEM,
Jude Jakubowski,jj6204,19,46039,2619382616,M,vaklayln,251 West Sheffield Drive ,IST,
Letitia Haley,lh7203,19,6359,6119622334,M,gtmrxd7b,453 North Elm Dr. ,CMPSC,
Lyla Rowe,lr4974,18,31747,7191229641,F,krunxnsj,3 North Linden Ave. ,PHYS,
Reba Rogahn Jr.,rr1861,18,30168,9853227083,F,fcsiw9vb,655 East Branch Dr. ,CMPEN,
Xzavier Bednar,xb9185,18,91905,5037120585,M,fwja346l,6 Andover Dr. ,CHEM,
Madalyn Beahan,mb2685,22,61344,4623705497,M,1alls4jn,308 Mammoth Dr. ,CMPSC,
Marquise Sporer,ms6799,20,92056,9527458977,M,eivrd0dg,9408 Anderson Court ,DS,
Lily Mayer,lm1111,19,51046,3846455351,M,4abor0p0,780 East Redwood Drive ,CSE,
Johnpaul Adams III,ja2479,19,30054,5156254548,M,i8c51ca7,8985 Cambridge Ave. ,STAT,
Zita Okuneva,zo2385,21,62346,7171781964,F,h2c0hmwx,708 York Dr. ,IST,
Leone Rath,lr8600,20,32445,1264351953,M,ky9az1o3,7450 West Manchester Street ,STAT,
Kenna Toy,kt2960,22,61775,8924682463,F,ciwfk9v0,55 Hall St. ,CHEM,
Lesly Hamill,lh7173,20,80487,9889335112,M,i41crgb3,798 North Euclid Drive ,PHYS,
Mona Jast,mj8696,19,81321,6444711194,F,bubzi73b,8401 Green Rd. ,ECON,34.0
Malachi O'Kon Sr.,mo9119,21,96734,2665385595,M,dg88ili6,266 Second Street ,CMPSC,
Maryjane Ratke DVM,mr4981,18,30218,9186066481,M,4y9tpklm,6 Andover Dr. ,MATH,
Rosanna Raynor II,rr3451,22,32079,6763384743,F,mfh91bnj,655 East Branch Dr. ,EE,
Sydnie Eichmann,se2637,18,52323,5332090119,F,66hclke8,78 South Brewery Ave. ,CHEM,
Johan Marquardt,jm7044,21,90004,7491946646,M,jhdfzk6j,141 Gulf Rd. ,IST,
Zora Gottlieb,zg1956,18,86443,4445910532,F,18ujzopj,83 Corona Street ,CHEM,
Mr. Terence Barrows,mt7486,20,32310,7946759661,M,pyhzcqqb,963 Court Road ,CHEM,5.0
Karina Heaney V,kh5965,20,32091,6866702717,F,6tevyige,461 Heather Street ,PHYS,
Rafaela Towne,rt4621,18,6039,5211352768,M,7kg2r96n,266 Second Street ,CSE,
Jonathon Renner,jr8895,19,71839,8168502665,F,86avpeyh,336 Myrtle Street ,IST,
Marquis Corkery,mc3632,20,47833,6763186603,M,6se8nlut,8378 West Pulaski Ave. ,DS,
Ozella Cremin,oc9673,21,62288,6501797816,M,xd3o8mxz,251 West Sheffield Drive ,CMPEN,
Pattie Pouros,pp1292,21,67642,1838117591,F,hni8nv4y,87 Vermont St. ,IST,
Sylvester Rogahn,sr8161,20,46975,5963242445,F,o4khshi4,9408 Anderson Court ,MATH,
Madeline Beatty,mb3501,18,33313,7573370559,M,3z92cca8,78 South Brewery Ave. ,CHEM,
Mr. Talia Reilly,mt2330,22,61955,6033071809,M,9yv3xir1,7313 Stillwater Lane ,STAT,
Sean Schmidt,ss2791,18,50130,1088807417,F,08i243xw,8401 Green Rd. ,CMPEN,
Leopold Torp,lt1060,18,83348,9751819004,F,rfbl7dns,91 S. Gartner Street ,PHYS,
Madaline Monahan DVM,mm9332,21,95757,5024655558,M,532k3czr,185 E. Trenton Street ,IST,
Mittie Kuvalis,mk2051,18,92107,2018063445,M,ap25n3ab,7297 Applegate St. ,STAT,
Jamarcus Kutch,jk9270,19,71842,7342652634,M,1ryphig3,6 Andover Dr. ,ECON,
Lacey Cremin,lc9556,22,50034,3447458382,F,ryeicg8y,9599 La Sierra St. ,STAT,
Jalen Stanton,js1332,21,72469,4284576229,F,93y7sv9c,361 E. Sierra Street ,STAT,17.0
Shaun Schamberger,ss5447,18,34653,9484370706,M,15xkc9gi,91 S. Gartner Street ,STAT,
Mrs. Adrain Howe,ma2722,19,90010,7221422505,F,znklaesk,9659 Rosewood Drive ,IST,
Shania Walker V,sw9710,22,93401,9294347688,M,3n0anbkn,78 South Brewery Ave. ,ECON,
Shane Mayer,sm6158,18,72760,7215218489,M,8ho2ylkn,8378 West Pulaski Ave. ,MATH,
Mr. Lurline Green,ml5064,21,62803,7823326896,M,xlcl3olo,798 North Euclid Drive ,CMPSC,
Kendra Hessel,kh1154,21,6235,3695369631,M,5v0x2i2u,9236 El Dorado St. ,STAT,
Keshaun Terry,kt5956,20,6606,4949327989,M,qgxo5n12,9408 Anderson Court ,MATH,
Katelin Rippin DDS,kr9918,21,33181,7047651827,M,cndejauu,608 North Addison St. ,ECON,
Kaia Orn,ko8925,21,47025,5337964346,F,r0wetv5d,182 Spring Street ,PHYS,
Marietta Fisher,mf6881,19,60041,8967014687,M,0o5ugfpb,285 Dogwood Drive ,ECON,
Mrs. Krystal Buckridge,mk4451,22,32043,3414939557,M,9ibxvx8f,251 West Sheffield Drive ,ECON,
Shanna Murray,sm5255,19,61938,6417119602,F,ottq8l4h,8401 Green Rd. ,ECON,
Rodrigo Bins,rb2832,21,6754,3343389580,F,u023nh0i,461 Heather Street ,PHYS,
Jakayla Rogahn,jr3224,18,30470,3897911440,F,2pn9hkyw,780 East Redwood Drive ,IST,
Khalil Tremblay,kt2050,20,31094,9181533068,M,rxsuefl3,18 Lakeview Street ,DS,
Woodrow Daugherty,wd2661,21,95315,5703245706,F,7p0w4sw8,453 North Elm Dr. ,ECON,
Rosa Fahey,rf1975,20,62943,9479233233,F,937d9lsa,308 Mammoth Dr. ,PHYS,
Miss Neoma Pfannerstill,mn9410,18,32038,8432307454,F,exkdo0ql,7764 Union Avenue ,PHYS,
Stella Reichel,sr4229,18,83654,2396892522,F,421s7hyr,461 Heather Street ,MATH,
Titus McClure,tm5315,20,33982,5366788287,M,ybftdlvn,963 Court Road ,ECON,
Leo Schneider,ls2077,20,33145,2904035935,M,zb72v3ys,963 Court Road ,IST,
Rodrick Ratke,rr4724,18,6088,3935310863,F,hif5wgha,83 Corona Street ,EE,
Quinton Johnston,qj6035,20,62254,6448192279,M,jc5mjn4j,336 Myrtle Street ,STAT,
Justus Prosacco,jp6334,22,81410,2815185909,F,jtpv3g6o,336 Myrtle Street ,CSE,
Madeline Smith,ms6805,20,62355,2593257711,M,2ki3shs0,655 East Branch Dr. ,IST,
Sallie McDermott,sm4829,18,72014,6376525823,M,5cjv882q,9659 Rosewood Drive ,CHEM,
Mireya Pouros,mp8264,22,60450,6896702170,M,7f94l7s0,608 North Addison St. ,IST,
Mrs. Daryl Beier,md9837,21,61484,5501326697,M,b72x34cx,495 Jockey Hollow Ave. ,STAT,
Marisol Crona,mc9587,18,31216,5804212840,F,o7rl1udy,7195 North Canterbury Circle ,CHEM,
Wava Anderson IV,wa5127,18,47725,4279029711,M,h7waj302,141 Gulf Rd. ,DS,
Miss Paul Hills,mp8748,22,52208,2957321218,M,pxfwcqxb,26 Johnson St. ,MATH,17.0
Velma Lebsack,vl5929,21,50067,7759585308,M,rof5jch8,9498 Newport Ave. ,CHEM,
Mrs. Deja Mosciski,md8760,21,61028,5439138492,F,bkiff3gh,336 Myrtle Street ,CMPSC,
Rosie Huel,rh1754,22,62690,2172468219,M,08ddd6ps,608 North Addison St. ,EE,
Marcelina Collins,mc2699,19,32578,8838874047,M,gvftq3ee,9236 El Dorado St. ,DS,
Joel Hammes,jh9891,18,31523,9171947908,M,ra3xf3g2,863 Stillwater Road ,IST,
Ismael Von,iv6531,19,47167,2034336028,F,aa8obunx,798 North Euclid Drive ,IST,
Ivory Reichert,ir2135,19,32805,9826981428,M,7m9wcg8w,7 Arch Court ,DS,
Mae Rolfson,mr1874,18,93033,2101365056,F,otcje7py,655 East Branch Dr. ,STAT,
Rowland Roob V,rr7213,21,61863,6689086160,F,wgtnbh1o,259 Cleveland Road ,CHEM,
Rigoberto Huel,rh6801,19,31774,7942899295,M,ungqga6k,8985 Cambridge Ave. ,CSE,
Mr. Jasen Stracke,mj1770,18,50171,8276695627,F,ehf2dmzk,18 Lakeview Street ,MATH,25.0
Ms. Maci Schamberger,mm6107,21,66515,9522318992,M,5yczj6oj,7313 Stillwater Lane ,IST,
Mrs. Amparo Bahringer,ma4550,22,80116,2145286759,M,99wxwmdm,7313 Stillwater Lane ,MATH,
Jarret Mante,jm2995,22,46745,7554961530,F,jolwy2s0,4 Old Academy Drive ,ECON,
Monica Zieme,mz7054,19,33167,5595203401,F,ct9v66xc,9408 Anderson Court ,DS,
Kevon McDermott,km3504,21,61239,5055917243,M,ggt4hfj9,7297 Applegate St. ,ECON,
Ophelia Murphy,om9683,19,32087,7419386430,F,30cb43o7,232 W. Homewood Ave. ,STAT,
Jeanne Marquardt,jm6846,18,50613,1271712657,M,3hbwxyko,232 W. Homewood Ave. ,EE,
Jarrett Kessler,jk4828,20,33016,7659200618,M,q0ssowih,119 Harvey Street ,CMPEN,
Rafaela Legros,rl4225,21,72856,1146304300,M,k0t192jm,232 W. Homewood Ave. ,MATH,14.0
Madelynn Grimes,mg8599,19,33704,5396276774,M,dwq6vie7,7 Arch Court ,PHYS,
Leonel Beahan V,lb9630,20,80231,5641424241,F,1ac5j9hy,7764 Union Avenue ,PHYS,
Price Parker,pp1200,21,94041,7852021734,F,9hg8nilg,285 Dogwood Drive ,DS,
Stephen Ward,sw4720,19,96035,4571077199,M,0v91h6mw,308 Mammoth Dr. ,DS,
Leon Morissette,lm1801,21,61275,8503543829,F,zrzby18o,8401 Green Rd. ,STAT,
Mackenzie Halvorson,mh9954,18,93060,9213972101,F,gysd8ywq,18 Lakeview Street ,PHYS,
Kara Wiegand I,kw1386,21,83846,1872302192,M,9sr4krcq,232 W. Homewood Ave. ,ECON,
Pascale Abbott,pa6499,21,60712,4855336848,M,y8692wws,251 West Sheffield Drive ,CHEM,
Scot Will Jr.,sw3767,20,61037,3096045240,M,pwnt950j,259 Cleveland Road ,EE,
Rashad Larson,rl7115,19,66711,7147344387,M,ibm2bo3e,7 Arch Court ,EE,
Savanna Brakus,sb4094,21,60031,8307953481,M,krp1pkam,8378 West Pulaski Ave. ,STAT,
Lolita Moore,lm3612,20,30513,2716673702,F,0djua4jk,453 North Elm Dr. ,CHEM,
Maritza McKenzie,mm7898,19,90605,4257024505,M,yh7imzim,55 Hall St. ,ECON,
Sammy Douglas V,sd7475,22,47725,1048154077,F,mmw3lwvp,780 East Redwood Drive ,MATH,
Marta Zieme DDS,mz3667,22,95660,9378580824,M,ntwa6o22,4 Old Academy Drive ,CMPSC,
Mrs. Oma Veum,mo1767,21,85009,6641556204,F,uhxeokud,119 Harvey Street ,MATH,
Marco Schaefer,ms1481,18,86545,4559956078,M,yxwumm5l,55 Hall St. ,DS,
Wilson Runte,wr2752,18,47201,4283274867,M,whmc8nsh,26 Johnson St. ,ECON,
Odessa Upton,ou9392,22,90704,4639285087,F,9oes49js,8687 N. Sleepy Hollow Court ,CHEM,
Melyna Lindgren,ml9111,19,32003,9979973361,F,1zvudew1,8378 West Pulaski Ave. ,CMPSC,
Leon Hettinger,lh5555,19,30802,1182771078,M,tgsfcg7u,8687 N. Sleepy Hollow Court ,MATH,
Retha Schamberger,rs3074,22,61928,2614023020,F,e1lek9bw,185 E. Trenton Street ,MATH,
Mr. Brionna Padberg,mb2986,22,50428,4112460267,M,yppqbd8m,860 Wakehurst Dr. ,CSE,
Myrtie Hilpert,mh2194,21,72367,4646400043,F,z0ak5f78,336 Myrtle Street ,EE,
Shayna Greenfelder V,sg9224,18,93616,9742430924,F,xpddtqtt,83 Corona Street ,CHEM,
Susanna Lueilwitz,sl9147,22,33974,6325241209,M,vjp9fvw3,7195 North Canterbury Circle ,IST,
Tanya Zulauf,tz1637,19,66516,4968352719,M,z8brxxr2,9498 Newport Ave. ,MATH,
Beau Krajcik,bk5477,21,31217,3238095802,F,fv67v7ud,780 East Redwood Drive ,CMPEN,1.0
Aurelia Ferry,af2362,22,46785,3262753236,M,u9sweo7t,78 South Brewery Ave. ,CHEM,
Asa Tromp,at5855,19,83833,1167771547,F,rpc0ecr4,9420 Tallwood Street ,EE,
Bailee Bernhard,bb2708,19,50655,7057241900,M,2z5x0wq9,8985 Cambridge Ave. ,IST,
Axel Blanda,ab1769,18,90803,1887162616,F,ymt3iyum,655 East Branch Dr. ,MATH,
Arturo Schoen,as5959,18,72762,2269445581,F,c0hgfkxn,185 E. Trenton Street ,CHEM,35.0
Annabell Schuppe I,as3517,21,50668,3294070947,F,y6e4oxeo,7 Arch Court ,PHYS,
Ashly McGlynn,am9248,21,80516,5153130879,M,mpx009eg,639 Princeton Rd. ,CMPEN,11.0
Augustine Bednar,ab2069,21,94950,6209112984,M,lx2hz60s,708 York Dr. ,ECON,
Ardith Buckridge,ab3353,20,95231,5387489258,M,p0itvgwk,9659 Rosewood Drive ,CSE,
Antonette Gleason,ag4144,19,93267,1332100507,F,c8tpvxdf,91 S. Gartner Street ,EE,
Annette Erdman III,ae4536,19,31711,6703040703,F,mxdgxmjn,7764 Union Avenue ,CMPEN,
Austen Schultz,as6603,20,92004,2775583726,M,fzkbxbiu,7764 Union Avenue ,CMPSC,
Antone Spinka,as6904,22,34711,5135203465,F,f096f3px,266 Second Street ,DS,
Angie Howell DVM,ah4627,20,34602,7257000861,M,3t52wwlg,7450 West Manchester Street ,MATH,
Anita Cremin,ac6117,19,90033,3139302791,F,17ow7v6r,259 Cleveland Road ,MATH,
Baby Stokes,bs3099,22,60536,3236222511,F,7398f1v0,91 S. Gartner Street ,PHYS,
Antonio Rice,ar5750,21,6091,7351326241,M,cu9pnq8n,461 Heather Street ,PHYS,
Bailee Keebler,bk4164,18,50585,7027080376,M,t26x25az,63 Lake Forest Road ,CSE,
Annette Heathcote,ah1893,19,83830,7303718979,F,p6q31twb,9599 La Sierra St. ,IST,
Arturo Stiedemann,as4372,19,33027,7614551290,F,msf24v3r,639 Princeton Rd. ,CMPEN,
Arianna Hayes,ah8649,21,6477,7675816885,F,vjy43dwn,798 North Euclid Drive ,CSE,
Barbara Lynch,bl7521,22,85352,4006546748,F,rv6h5k9v,461 Heather Street ,CSE,
Baron Pacocha,bp1701,22,33884,2274663819,M,fms2vvht,655 East Branch Dr. ,PHYS,
Ardith Hettinger,ah2132,20,33037,3848189316,M,kp2yck94,461 Heather Street ,STAT,
Assunta Walsh,aw9070,19,30222,4389600858,F,7zryi69f,8985 Cambridge Ave. ,PHYS,
Arnulfo Paucek,ap7012,19,6450,9413152090,M,0ahwidu1,4 Old Academy Drive ,STAT,
Anika Walsh,aw1897,18,31634,8579474090,M,ieerwn8d,863 Stillwater Road ,EE,
Antonina Brekke,ab3016,22,80022,6842786359,M,xkw7v0ch,336 Myrtle Street ,DS,
Ari Simonis,as7706,22,85328,3738223604,M,qe5jz5ek,655 East Branch Dr. ,DS,
Ayana Wilkinson,aw2413,20,32535,6007579575,F,61t53q20,141 Gulf Rd. ,CMPSC,49.0
Annabelle Block,ab4636,19,6897,3786604796,F,7j28vvzc,308 Mammoth Dr. ,STAT,
Arianna Yost,ay6012,18,61036,9765473310,F,ps7agu40,8687 N. Sleepy Hollow Court ,EE,
Angelo Macejkovic,am1296,20,95503,1551788234,F,8rkn1rx3,185 E. Trenton Street ,PHYS,
Cicero O'Kon,co9856,19,51455,1307744716,F,no2dsq6k,9420 Tallwood Street ,DS,
Bettie Gibson II,bg1874,18,62532,1255100564,F,3nwq2ezo,8985 Cambridge Ave. ,IST,
Carter Zboncak,cz9116,19,60457,5898798416,F,3rzaa57p,495 Jockey Hollow Ave. ,STAT,
Claire Haley,ch1256,18,80432,6598988680,M,qm4tj1ve,141 Gulf Rd. ,CMPSC,9.0
Ahmed Marks,am2658,21,83342,9509675647,M,2554uc0w,18 Lakeview Street ,MATH,
Cody Gislason,cg4965,18,93604,6513753213,F,hq5l3bz8,453 North Elm Dr. ,STAT,
Cyrus Haag,ch2187,18,30912,5434785894,M,afkpa2ws,860 Wakehurst Dr. ,CMPEN,
Charlotte Donnelly,cd3328,20,46902,3348544114,F,k6a80kp9,259 Cleveland Road ,EE,44.0
Bethany Bernhard,bb2169,21,46140,6035098365,F,scpn2dpp,358 Marvon Ave. ,ECON,
Abigale Jewess,aj2734,21,67880,2186420250,M,yi3qshz1,608 North Addison St. ,CMPSC,
Cade Spinka Jr.,cs3661,22,62082,9711678305,F,2vu5sf3s,7313 Stillwater Lane ,CMPSC,
Alden Lind,al7553,22,61928,2684940911,F,0fn7cx6r,18 Lakeview Street ,CMPEN,
Danny Goldner,dg3029,22,50475,3811948692,M,0bn8gx77,7450 West Manchester Street ,EE,
Aida Wilderman,aw5441,19,61822,5592690183,F,8jz2y2a5,8378 West Pulaski Ave. ,PHYS,
Bessie Reinger,br5296,21,94607,2467082800,F,47fu0i8o,9408 Anderson Court ,CHEM,
Cleveland Bins,cb8478,19,95316,6138650423,M,8vc64p5v,83 Corona Street ,IST,
Damien Hudson,dh5107,19,32776,4792383710,F,pfvpn4hn,232 W. Homewood Ave. ,PHYS,
Brice Pacocha,bp7844,22,95318,2752676614,F,b98cyqy7,9420 Tallwood Street ,CMPEN,
Cody Gutkowski,cg4094,19,52342,9348596360,F,p9z2n632,9420 Tallwood Street ,ECON,
Cameron Osinski,co3033,20,30101,4009998820,F,0n1e6pnc,7529 Old Sunset Road ,CHEM,
Dandre Kassulke,dk6748,21,91604,2403815864,F,fhdtpgwv,798 North Euclid Drive ,IST,
Alexandrea Goodwin,ag2003,21,95385,8316127746,M,1diivr7z,7 Arch Court ,STAT,
Brody Hackett,bh9149,20,94937,1715575509,F,o1rt4cbf,78 South Brewery Ave. ,CMPEN,
Alanis Stracke,as3353,19,31787,6361489958,F,crailqp3,639 Princeton Rd. ,ECON,
Bernadine Koelpin,bk6824,18,95540,7396905295,F,142xk754,251 West Sheffield Drive ,CMPEN,
Damon Shields,ds4127,22,34797,1041330723,F,ti45130u,63 Lake Forest Road ,CMPSC,
Alexane Cremin PhD,ac5862,21,92625,7969013997,F,uvhbxp40,9659 Rosewood Drive ,PHYS,21.0
Cleo Kub,ck2097,19,46051,2064204063,F,2x8rf35c,259 Cleveland Road ,EE,
Carleton Flatley,cf2840,22,32257,7775308519,F,8lhl9t10,8687 N. Sleepy Hollow Court ,IST,34.0
Berta Reichert,br8852,20,91710,3609292429,F,6f3z7kb0,9236 El Dorado St. ,CSE,
Calista Reichel,cr7454,19,52570,5708184649,F,6jcorz9a,7313 Stillwater Lane ,MATH,
Carolyne Herman,ch9754,22,34488,5674145864,M,ajkwwmzd,9408 Anderson Court ,CMPEN,
Dameon Herman,dh6358,19,71827,4936661787,M,3c34iijt,87 Vermont St. ,STAT,
Blaze Jaskolski,bj2880,21,85736,2677561909,M,du41ksn8,9599 La Sierra St. ,CMPEN,
Celestino Hilll,ch3297,20,34691,6939644773,M,3l51ofow,655 East Branch Dr. ,IST,
Abbey Kunde,ak5096,21,32563,7902445059,M,cl82fa7j,8985 Cambridge Ave. ,PHYS,
Abigayle Goldner,ag1594,18,83666,6512624973,M,bjppzwgj,285 Dogwood Drive ,EE,
Brandi Bergstrom,bb3021,20,90704,4787339428,F,jwnn3kbs,7130 Longfellow Dr. ,MATH,
Abe Wintheiser,aw8623,21,92025,7874074228,M,2ug8r41a,141 Gulf Rd. ,ECON,
Caesar Rath II,cr5283,19,61814,8148118282,M,gjmnphk1,9498 Newport Ave. ,DS,
Chloe Nienow,cn5833,21,80648,2706148531,M,r18uqmoj,9659 Rosewood Drive ,PHYS,
Beverly Muller,bm9506,21,81019,1892943713,F,ajfck44r,963 Court Road ,IST,39.0
Casimer Runolfsdottir IV,cr7460,19,47369,4543467585,M,2s9glbub,259 Cleveland Road ,CMPEN,
Adell Bradtke,ab8172,19,90621,2727934286,M,avpdvzzg,963 Court Road ,PHYS,
Crawford Romaguera,cr8911,20,52649,7514001634,M,xh1z5q3c,863 Stillwater Road ,CSE,
Aimee Schowalter,as9069,19,67020,8576028857,M,21ch6o1g,963 Court Road ,CHEM,
Brannon Bins,bb4483,22,72628,4931503018,F,ib658n92,9599 La Sierra St. ,CSE,
Cade Wilderman,cw7585,20,86045,8922082554,M,6thcq3ka,18 Lakeview Street ,ECON,
Alden Murazik,am3245,19,93610,1705212350,M,y9hmo2y1,55 Hall St. ,CSE,
Chad Breitenberg,cb2134,22,33013,9453681474,F,iu6rvymu,87 Vermont St. ,MATH,
Adelia Huels,ah8299,19,33541,2317092992,F,pc2li9jb,608 North Addison St. ,PHYS,
Brian Huel,bh1407,22,30135,5891360695,F,0sr7srbq,7195 North Canterbury Circle ,CMPEN,
Crystal Keebler,ck4064,22,46110,3063128210,F,7lsd8u6o,232 W. Homewood Ave. ,IST,
Cali Reichert,cr7030,22,95540,4953298271,F,0okfdvzu,119 Harvey Street ,PHYS,
Abel Anderson Sr.,aa2256,22,33154,1519856103,F,hj0n3pp5,8985 Cambridge Ave. ,PHYS,54.0
Cassie Reynolds,cr7834,21,47456,8649348556,F,o5p7oizf,7195 North Canterbury Circle ,CMPSC,
Clovis Tillman,ct2924,21,6409,2303200385,M,20aadwv7,9599 La Sierra St. ,CMPEN,
Branson Wiegand Jr.,bw8893,21,47850,9378523410,M,qocb0jon,453 North Elm Dr. ,STAT,
Carolyn Greenfelder,cg7136,19,30464,9165250831,F,xy9mo4ch,55 Hall St. ,MATH,
Cierra Christiansen,cc2445,21,60963,6977807511,M,nc83dfhd,608 North Addison St. ,MATH,
Carley Collins,cc1235,21,91803,1992980700,F,32gvv474,285 Dogwood Drive ,STAT,
Chanelle Armstrong,ca6499,18,32449,5333828844,F,50oqcctn,83 Corona Street ,CMPSC,
Coby Quitzon,cq4861,20,67144,8316225985,F,tw5426ed,7313 Stillwater Lane ,EE,
Candice Nikolaus,cn5368,20,95757,1422157691,M,evxf35zl,7130 Longfellow Dr. ,CMPEN,
Bernhard Lakin I,bl4092,21,96059,2415880072,M,1dtdo40q,7764 Union Avenue ,CMPEN,
Breanne Ankunding,ba4903,21,34241,4645581414,F,00i72mf0,358 Marvon Ave. ,CHEM,
Clare Wilderman,cw6141,19,6854,7152598683,M,i6uh8tg6,7529 Old Sunset Road ,DS,
Casey Mann,cm4400,19,62677,4682603660,F,nvxhowyn,8401 Green Rd. ,CMPEN,
Caterina Keebler,ck6661,19,47260,1007182937,F,y3ujhb8l,7313 Stillwater Lane ,CHEM,
Cassie Ondricka,co5263,21,32139,4899309617,F,o00ttgut,9599 La Sierra St. ,STAT,
Cooper Schamberger,cs4243,22,81027,4622669602,M,45ncapyh,708 York Dr. ,CMPEN,
Bert Cole,bc4962,21,50309,2929212474,M,ksq8h86c,87 Vermont St. ,EE,
Aiden Feeney,af8503,19,33162,2258949793,M,wm1cdnuo,9659 Rosewood Drive ,EE,
Ada Morissette,am6323,18,62232,6915576841,F,9jwi71sj,232 W. Homewood Ave. ,CMPSC,
Berry Paucek V,bp7877,19,94509,8429747110,M,vwy31jv7,9408 Anderson Court ,PHYS,
Constantin West,cw7068,21,62058,8504392733,M,1zvd1snn,83 Corona Street ,CMPEN,
Beau Langosh V,bl6052,21,6612,7433173344,F,qgdussoj,461 Heather Street ,EE,
Constance Spencer,cs2006,21,61358,5847632885,M,px5st392,780 East Redwood Drive ,EE,
Alek Harann,ah6141,22,83464,2847122625,M,cqbh45an,7764 Union Avenue ,PHYS,
Carmella Schmitt DDS,cs3754,21,62675,2787595481,M,4ad4so3q,9408 Anderson Court ,ECON,
Bettie Keeling,bk6475,21,91915,2276226151,M,ms07pcfx,780 East Redwood Drive ,MATH,
Carrie Heidenreich,ch6057,21,60184,7144497996,M,u618ku61,88 Harrison Street ,CMPEN,
Alan Roob,ar9287,21,72079,9217564613,F,44vdzjle,4 Old Academy Drive ,ECON,28.0
Brent Murphy,bm6234,20,30093,4162549144,F,mesb9dvn,8131 Elizabeth Ave. ,DS,
Belle Shanahan,bs1006,20,81325,6657788882,M,z1wbo8rz,8401 Green Rd. ,CMPSC,
Clemmie Auer,ca5845,21,66429,5356464095,M,zfwpjz8k,453 North Elm Dr. ,IST,
Chadrick Bahringer,cb6121,18,61776,5628463457,F,9ud209h4,655 East Branch Dr. ,CMPEN,49.0
Danika Howe,dh5008,22,61753,4232529749,M,17wgtqdn,9659 Rosewood Drive ,MATH,
Abigayle Lind Sr.,al8943,20,96797,2994009710,M,ctvqpw3f,7450 West Manchester Street ,CMPSC,
Abigayle Kuphal II,ak5890,21,31554,7438345423,F,xi209spb,7529 Old Sunset Road ,MATH,
Cleveland Altenwerth DDS,ca1975,22,19941,2677023225,F,0nj3c33c,798 North Euclid Drive ,DS,
Alene Strosin,as2674,19,50455,7281157019,M,lsrte554,9236 El Dorado St. ,CMPEN,
Clarissa Kessler,ck4873,19,62001,2922851940,F,v2cjbrvc,963 Court Road ,CHEM,
Daniela Roberts,dr8416,18,60707,6217755722,M,045ar2mf,9599 La Sierra St. ,ECON,
Carmela Schowalter,cs5417,21,72947,7861893908,F,pcccpp55,7764 Union Avenue ,STAT,
Bessie Dooley,bd6345,19,33873,1971405319,F,8f2lqduk,7529 Old Sunset Road ,IST,
Braden Legros,bl3745,22,61071,4115029491,M,8i6is0ah,9420 Tallwood Street ,EE,
Brannon Olson,bo5114,18,46268,9621002667,F,rjpdf3er,78 South Brewery Ave. ,ECON,
Carolina Keebler,ck8437,20,50511,4214618163,M,zkvrp5jt,863 Stillwater Road ,EE,
Abbey Gulgowski,ag5931,18,91803,5898278861,M,5uvu9byo,7195 North Canterbury Circle ,DS,25.0
Brook Fahey,bf5148,20,46506,6536655445,F,9jmi0zwo,453 North Elm Dr. ,CMPSC,28.0
D'angelo Bauch,db2409,19,95234,7505358527,F,msl605wk,9236 El Dorado St. ,DS,
Al Schamberger,as2481,18,32667,9511676372,M,tj74r303,9599 La Sierra St. ,CSE,
Cathryn Dach MD,cd4187,20,46774,3502940059,M,xs85pn08,18 Lakeview Street ,MATH,
Adrian Jacobson I,aj3787,18,95303,3778021432,F,957kzj9i,266 Second Street ,CMPEN,
Albin Effertz,ae5810,21,93615,6489956267,M,laqw8wy4,251 West Sheffield Drive ,CHEM,
Candido Corwin,cc6232,22,60458,1177061592,M,xgedsmm3,8401 Green Rd. ,IST,
Brooklyn Roob,br8383,19,51033,8814372695,F,wd4s9vg9,8985 Cambridge Ave. ,ECON,
Damian Cremin,dc8417,21,62689,9954381442,F,kmi4uxpg,120 Heritage Lane ,CHEM,
Aditya Powlowski,ap8774,18,62694,1379175107,M,v05k1v63,7130 Longfellow Dr. ,STAT,
Bryce Beahan,bb4001,18,95717,1356781137,F,thufxhze,7764 Union Avenue ,DS,50.0
Carol Price,cp9426,18,47802,6533792049,F,y8x1jptl,91 S. Gartner Street ,ECON,
Dane Hirthe,dh7522,18,61049,4132080058,M,1va14zi3,119 Harvey Street ,CHEM,
Alexandre O'Hara,ao3325,20,32218,8854565500,M,p7zeye92,461 Heather Street ,EE,
Catharine Stamm,cs4540,19,80203,3795340714,F,hqjkh5qw,251 West Sheffield Drive ,IST,
Cecilia Wilderman,cw3561,18,93657,3164914600,F,ld6euu2f,798 North Euclid Drive ,CHEM,
Camren Murphy,cm5322,19,62311,9945148447,F,g1pp37m7,182 Spring Street ,EE,
Alejandrin Brekke,ab5104,21,31757,1869270397,F,ysawmj9y,336 Myrtle Street ,STAT,
Cloyd Walsh,cw1038,21,32464,8779671930,F,qe0iy7nq,78 South Brewery Ave. ,DS,
Aisha Wolff II,aw8382,22,46239,7157746934,M,n24jab1u,8687 N. Sleepy Hollow Court ,PHYS,
Chaim Batz,cb5065,20,91941,4392090568,F,7ypnjh47,285 Dogwood Drive ,CSE,
Breanna Turcotte,bt1573,18,95824,2336361264,F,v9p6v25z,87 Vermont St. ,CMPSC,
Citlalli Strosin,cs3610,21,92131,2249960857,F,bgqgje4n,285 Dogwood Drive ,CMPEN,
Danny Boyer,db6530,19,32211,9596105189,M,ibqumeb3,453 North Elm Dr. ,STAT,47.0
Colton Simonis I,cs1816,22,62938,6977284056,M,m6nwqse8,259 Cleveland Road ,EE,
Einar Homenick I,eh3966,19,81654,7602571885,F,t9rgkjvk,8687 N. Sleepy Hollow Court ,CMPSC,
Gladyce Langworth,gl5131,21,30619,7358826683,F,citvflsq,4 Old Academy Drive ,IST,
Eileen Ullrich,eu6734,18,67450,3288744458,F,wiz18kft,863 Stillwater Road ,EE,
Giovanni Jerde,gj1336,20,83856,4437835595,M,ukbofbpy,26 Johnson St. ,ECON,
Ferne Emard,fe4839,22,81320,1636378293,F,maw8k1p2,88 Harrison Street ,EE,
Elwin Waelchi,ew9592,21,96701,5445272807,F,2a5d4gvm,798 North Euclid Drive ,CMPEN,
Earl Dare,ed8801,22,95680,8648771218,F,n1otsmb8,259 Cleveland Road ,IST,
Gilda Parisian,gp4162,20,47805,2228691354,F,0uek82zt,26 Johnson St. ,ECON,
Ilene Schamberger,is6689,19,81521,2398899151,F,gfqase8s,119 Harvey Street ,MATH,
Ila Emmerich,ie2276,20,6059,9387404641,M,rzhtvxf3,361 E. Sierra Street ,CMPEN,
Ewald Koelpin,ek4881,19,32789,1865723259,F,7sgf01vp,185 E. Trenton Street ,CHEM,
Gerard Jakubowski DDS,gj5319,18,62548,2868392259,F,20u4p5x8,461 Heather Street ,ECON,
Domingo Gulgowski,dg3660,18,80302,8977296546,F,4qtlequ2,18 Lakeview Street ,IST,
Emmie Mosciski,em6584,19,52156,3565062594,F,rj6abnmm,182 Spring Street ,MATH,
Dr. Buster Beahan,db1016,22,62928,3301492114,F,qqnuxtqz,3 North Linden Ave. ,CMPSC,
Gilberto Legros,gl1897,21,85626,1897642691,F,nwu9w5mv,119 Harvey Street ,CSE,
Dr. Ashton Stehr,da1878,22,72360,9887573433,M,ucsw5qmf,9659 Rosewood Drive ,CMPEN,
Elbert Davis,ed7159,22,51577,6236712453,M,nfl28k41,285 Dogwood Drive ,CMPSC,
Gardner Rippin,gr5445,21,46974,2935297744,M,3nsynvz6,9420 Tallwood Street ,EE,
Floy Koss,fk6517,20,80744,3614103389,F,4pvvl7p1,8985 Cambridge Ave. ,CSE,
Elvera Auer Jr.,ea7463,21,60511,4414304742,F,cf5aejxt,78 South Brewery Ave. ,IST,23.0
Dolores Ledner,dl7664,19,67490,7448317180,F,9s8t276n,963 Court Road ,CSE,
Dr. Karelle Koss,dk5949,20,30097,7535570080,M,69gexir6,88 Harrison Street ,PHYS,
Derick O'Hara,do9924,22,51442,8358735163,M,70pipr2e,120 Heritage Lane ,PHYS,
Ella Waelchi,ew2287,20,92113,6863198544,F,poakps30,8985 Cambridge Ave. ,PHYS,
Dorothy Wunsch,dw8054,21,61761,9279633923,F,apbb4k6x,655 East Branch Dr. ,CMPEN,
Friedrich O'Kon II,fo7818,18,66091,7811756413,F,5z1mvehd,55 Hall St. ,MATH,
Dortha Ondricka,do2791,19,62633,9416385067,M,ew3xk7ww,120 Heritage Lane ,PHYS,
Dr. Leilani Purdy,dl2872,22,32168,6607563285,M,hr9gvnwp,9420 Tallwood Street ,ECON,
Hayden Conn,hc9512,19,95459,1937947807,F,l9uczvs1,361 E. Sierra Street ,EE,
Frank Williamson,fw9529,21,30105,6021059609,F,idkbon4x,461 Heather Street ,IST,
Fausto Bernhard III,fb6120,22,47926,5017188306,F,hod33g2g,7450 West Manchester Street ,STAT,
Ethan Johnston,ej6416,18,80910,5929288056,M,xgzmz7gb,91 S. Gartner Street ,IST,
Gretchen Spinka I,gs5261,20,95553,6563518418,F,im9dpro0,18 Lakeview Street ,IST,
Hayden Schroeder,hs3812,19,94103,5028017701,M,yr2i3klq,91 S. Gartner Street ,CMPEN,
Erin Reilly II,er9643,22,95324,8035385807,M,x50p3uzk,119 Harvey Street ,DS,
Garett Balistreri,gb9073,22,30820,2876601021,M,miklog0x,963 Court Road ,PHYS,
Earl Harvey,eh3135,19,46721,7174227539,M,3bhnzahn,182 Spring Street ,MATH,15.0
Darrel Schmitt,ds7254,20,52801,7287955627,F,lnjgs77d,361 E. Sierra Street ,CHEM,13.0
Deshawn Williamson,dw8693,20,62682,2529148893,M,abcfoz4u,232 W. Homewood Ave. ,CHEM,
Edmond Beatty,eb5700,22,95060,6616351983,M,i9hg2u5p,8985 Cambridge Ave. ,CHEM,
Garrison Brekke,gb8971,20,90401,9136095309,F,jl6pbnsl,9408 Anderson Court ,CSE,
Eddie Botsford II,eb9702,21,32568,8696940266,M,5sq8neye,232 W. Homewood Ave. ,MATH,
Fabian Murphy,fm5811,20,61231,7146967219,F,ncm9m5oz,185 E. Trenton Street ,ECON,
Iliana Little,il8896,19,47386,3721975304,F,hh2csxcn,266 Second Street ,IST,
Elsa Bernhard,eb7897,22,62023,4807950043,M,86efj62b,55 Hall St. ,CSE,
Gabrielle Bednar I,gb9628,18,32327,9515642229,M,ixot9bd0,7313 Stillwater Lane ,CSE,
Eula Lockman,el2162,22,80525,8933394712,M,meze5wgr,182 Spring Street ,CHEM,
Dr. Zachary Corwin,dz1220,20,92021,9418203245,M,0q4zrpw7,91 S. Gartner Street ,DS,
Earline Mitchell,em9606,22,50538,4004642397,M,zigib19y,780 East Redwood Drive ,STAT,
Dr. Devante Ritchie,dd7048,21,61479,8337051465,F,919nl0rg,182 Spring Street ,EE,
Harvey Becker,hb4427,18,67843,7619496573,F,szlotcme,120 Heritage Lane ,CMPSC,
Desiree Ullrich,du5385,19,62243,9498551789,F,958ncrhf,495 Jockey Hollow Ave. ,DS,
Delilah Osinski,do7088,19,51058,5281811092,M,vtsv9lap,7130 Longfellow Dr. ,PHYS,
Hilbert Hagenes,hh4615,22,61465,4188689035,M,1jrl9g2g,251 West Sheffield Drive ,CHEM,
Gerardo Lindgren,gl1181,19,72342,1792740203,F,36w1lq62,182 Spring Street ,CSE,
Dr. Sydnie Jacobi,ds7549,21,60462,4139326836,M,4f0t44o5,78 South Brewery Ave. ,DS,
Erik Jakubowski,ej6093,21,62817,8647080018,F,6c9w263u,9420 Tallwood Street ,CHEM,
Dr. Tomasa Kerluke,dt1755,21,80011,7329101207,M,2cqalv1d,4 Old Academy Drive ,CMPEN,
Garrison Haag,gh1031,18,60002,7573287335,F,64mrwty5,358 Marvon Ave. ,IST,
Daphnee Greenfelder,dg9379,21,60563,1233588100,M,1ty7j48p,185 E. Trenton Street ,CMPEN,
Hiram Quitzon III,hq7130,21,32801,4903500860,F,ea1bz0su,708 York Dr. ,PHYS,
Dr. Lizeth Brakus,dl8726,18,72007,3508624415,F,luzms3yv,8131 Elizabeth Ave. ,CMPEN,
Faye Keeling DDS,fk3783,18,33182,2078064156,F,ndollp4n,63 Lake Forest Road ,CHEM,
Hattie Schmeler,hs3254,19,86503,2021711669,M,oolicjki,9408 Anderson Court ,MATH,
Esther Gaylord,eg9777,18,60471,6784967899,F,nxaztmsb,780 East Redwood Drive ,MATH,
Elisa Hahn,eh8403,18,62867,3579290143,M,6fbe4n5f,708 York Dr. ,EE,
Domenic Grant,dg1041,21,30143,1876898305,F,2hraep3u,655 East Branch Dr. ,EE,
Eliezer Wilkinson,ew3399,19,94597,7855436910,F,j8dbqrn2,639 Princeton Rd. ,PHYS,
Domenica Ratke,dr5383,22,46032,1067392707,F,33gcwtga,185 E. Trenton Street ,STAT,
Ilene Bashirian DVM,ib8603,19,6785,2373401867,M,rwnkxe3q,63 Lake Forest Road ,CSE,
Estefania Feest,ef2211,19,72476,8326378039,F,pcvwpys8,8131 Elizabeth Ave. ,EE,
Hillary Satterfield,hs6780,20,51440,9102721671,F,k47muh9j,266 Second Street ,CHEM,
Dr. Henri Swift,dh7046,20,32140,3212036007,M,8ir9plfy,655 East Branch Dr. ,CMPSC,12.0
Gwendolyn Luettgen,gl5818,18,67749,2524956447,F,p60j3gfp,7764 Union Avenue ,CHEM,
Gudrun Rowe,gr4392,19,52314,2556843699,F,9elp97f2,308 Mammoth Dr. ,PHYS,
Harmony McLaughlin DDS,hm9327,19,34769,1334977907,F,ivj4t8l7,361 E. Sierra Street ,CSE,
Emmet Rath,er5239,18,92210,2376100241,M,lt2o6bz7,608 North Addison St. ,STAT,
Ernestine Krajcik,ek3642,21,80031,8791374936,M,xq9c6pak,963 Court Road ,ECON,
Geovanni Romaguera Jr.,gr4591,19,62982,3605477070,M,chgtsi7m,285 Dogwood Drive ,CHEM,
Franco Windler,fw2120,20,20009,7228338851,F,uu0g93w1,8131 Elizabeth Ave. ,ECON,
Filiberto Cole,fc5125,20,46808,7188192094,M,x2a4uyte,4 Old Academy Drive ,CHEM,
Heaven Howell,hh1524,20,62324,1051879878,M,i3vn6szs,55 Hall St. ,CHEM,
Devan Gleichner,dg7321,22,47436,3075621077,F,bevy1uqk,182 Spring Street ,DS,
Deondre Prohaska,dp4783,18,72838,2707199904,F,kwxx5jy0,453 North Elm Dr. ,STAT,
Gerson Daugherty,gd4593,20,60955,3607604692,M,ajy7neci,91 S. Gartner Street ,PHYS,
Darien Guann,dg7987,19,50604,5572234284,M,frzsnvre,8131 Elizabeth Ave. ,CMPEN,
Gonzalo Rice,gr3326,19,31830,1965500558,M,zxgp56he,83 Corona Street ,IST,
Dr. Kaitlin Watsica,dk1425,20,50464,1856380918,F,r7haxr52,9659 Rosewood Drive ,DS,
Fredy Rutherford,fr1588,22,30607,5077345109,M,f27vjkmy,336 Myrtle Street ,DS,
Henderson Conroy,hc6195,20,95825,1365734473,M,l29f8zdu,963 Court Road ,CMPSC,31.0
Furman Anderson,fa1972,22,33406,6517035633,F,w7whiajz,9236 El Dorado St. ,DS,
Flavio Ferry,ff4897,22,50836,9995348369,F,tl5jnyof,63 Lake Forest Road ,EE,2.0
Gage Jenkins,gj7421,21,92105,9325961907,F,5qdetelc,7 Arch Court ,DS,
Dr. Keira Walter,dk5850,18,32784,4984512141,F,ohh4mwyn,8131 Elizabeth Ave. ,PHYS,
Grayce Haag,gh2561,19,72165,6879072865,M,x8bxllty,361 E. Sierra Street ,CSE,
Golden Schimmel,gs2617,19,6264,3273120930,F,c30yd3xc,495 Jockey Hollow Ave. ,IST,
Elton Boyle IV,eb3303,22,51355,7018501982,F,27nkuhp0,361 E. Sierra Street ,MATH,
Dr. Thurman Hudson,dt1653,21,83210,2729963522,M,wdsa15ev,608 North Addison St. ,CHEM,
Elwin Murazik Sr.,em9510,20,61956,9559806829,F,1srrimo3,608 North Addison St. ,EE,
Herbert Hansen,hh1856,20,81125,7793125058,F,kjzty61o,232 W. Homewood Ave. ,PHYS,
Enid Harris,eh6509,21,6610,4307542971,M,pudh3q7q,461 Heather Street ,PHYS,
Halle Mann,hm8630,20,34983,5087392372,F,xkeuvdjo,266 Second Street ,PHYS,
Elian Quitzon,eq3640,19,50147,1914573503,F,5gopxrcu,8131 Elizabeth Ave. ,EE,
Holden Wilderman,hw8828,19,62325,6098024692,F,z79z8qv6,55 Hall St. ,ECON,
Ena Waelchi,ew8925,22,46573,3297388801,M,5lx2bx3y,7297 Applegate St. ,ECON,
Enola Kub,ek5867,21,62092,2602361602,M,nfqdx36h,9420 Tallwood Street ,DS,
Dr. Molly Hoeger,dm6277,19,32145,6029960378,F,w3mm2evm,860 Wakehurst Dr. ,CMPSC,
Ebba Runte Sr.,er2458,19,50573,2356242950,M,38y8b748,361 E. Sierra Street ,MATH,
Elyse Wisoky,ew2185,22,62677,6042431281,M,y3qo6wcu,266 Second Street ,DS,
Gabriella Pfannerstill,gp3361,21,34243,7758186350,F,t18b2zrh,4 Old Academy Drive ,PHYS,
Dexter Hirthe Jr.,dh7362,21,6811,4375129991,M,jzfoezkr,863 Stillwater Road ,STAT,
Edward Orn,eo6418,18,67865,3048099356,F,18zrf9xy,308 Mammoth Dr. ,CMPSC,17.0
Darrel Armstrong,da3247,18,20053,5482921024,M,w6w1dk9x,4 Old Academy Drive ,IST,
Guiseppe Dooley,gd1891,19,95726,5023869994,F,jytu2joh,119 Harvey Street ,IST,
Dion Mosciski,dm4287,18,90270,7048955791,F,hj4cclt0,182 Spring Street ,IST,
Dr. Josiane Herzog,dj4017,20,34448,9953422895,F,cg3nnw0w,8378 West Pulaski Ave. ,DS,43.0
Dorcas Gorczany,dg3528,22,90064,2419993359,F,wqxumezb,7529 Old Sunset Road ,STAT,
Ike Weissnat,iw4518,20,47924,6093267961,F,1eaym6hq,495 Jockey Hollow Ave. ,STAT,
Dayton Swaniawski,ds8193,19,94938,6022352024,M,ywux4080,259 Cleveland Road ,CSE,
Dolly Schulist,ds2879,18,61015,3612110418,M,w5fqnpdm,453 North Elm Dr. ,EE,
Hallie Langworth,hl4356,21,34465,1751640460,M,fjpasfn0,120 Heritage Lane ,CSE,
Deshaun Weissnat,dw5475,20,83628,3998465170,M,6wq0yb12,91 S. Gartner Street ,CMPSC,
Frederique Torphy,ft1093,21,32211,9082556924,M,a9vg5adf,7764 Union Avenue ,DS,
Flossie Schoen,fs3719,19,51443,1834427091,F,otygfrqd,9236 El Dorado St. ,CSE,47.0
Dorris Schulist,ds2224,21,85137,4056753519,M,ghv927fv,639 Princeton Rd. ,CMPSC,
Edwardo Stokes,es8944,22,91722,1989505838,M,ungh3o61,120 Heritage Lane ,ECON,
Glennie Turcotte II,gt3176,21,81019,3903973237,F,gh7gg5yc,7450 West Manchester Street ,STAT,
Dr. Casandra Walsh,dc7489,21,86333,6775617684,M,vlcyuyli,3 North Linden Ave. ,CSE,
Elenora Kessler,ek7386,18,33004,4232844879,M,y17twvre,26 Johnson St. ,IST,
Freda Goldner,fg4672,19,96096,7969800110,F,vp0hyviy,708 York Dr. ,CHEM,32.0
Dante Auer,da2022,22,71667,9771611214,M,pjk5uuph,7195 North Canterbury Circle ,MATH,
Flavie Stokes,fs1546,20,33178,9999216512,M,v2ac62yr,83 Corona Street ,PHYS,
Eusebio Wuckert,ew7279,20,60952,7024033901,F,tnhnrl2s,26 Johnson St. ,MATH,
Hassan Hagenes,hh9927,18,47920,8868421161,M,02r32nem,8131 Elizabeth Ave. ,ECON,
Gerald Dibbert,gd6812,19,83827,3638182203,M,uyv380bs,308 Mammoth Dr. ,CSE,
Geraldine Hodkiewicz V,gh4919,20,95923,8126183383,M,1kt3b9yp,9420 Tallwood Street ,CMPSC,
Horace Bernier,hb6400,20,60048,1656692890,M,do9np1uo,361 E. Sierra Street ,CHEM,
Dr. Luna Goldner,dl4708,21,61857,3313599677,F,8izk0vyb,608 North Addison St. ,DS,
Furman Wilkinson,fw1745,18,95634,9459253688,M,zqmrasp4,8401 Green Rd. ,CMPSC,
Gunnar Bogan,gb6345,21,95336,6229031783,M,61ps0ls8,120 Heritage Lane ,CSE,
Ervin Davis,ed1041,22,46764,5349337731,M,c08ymku9,9599 La Sierra St. ,ECON,
Elmira Robel Sr.,er8341,22,83712,9692326632,M,sgmnaby3,9236 El Dorado St. ,CMPSC,
Erica Jewess,ej3628,22,34233,6889985750,F,2h2zgp0u,26 Johnson St. ,PHYS,
Garett Shields Jr.,gs3266,18,20540,4857836299,M,fkxcd7sb,55 Hall St. ,CMPSC,
Dr. Morgan Sanford,dm6239,20,95742,5717835950,F,yvon4auv,87 Vermont St. ,CSE,
Florida Hoeger,fh7189,19,67843,7246399973,M,lbkrizuu,8131 Elizabeth Ave. ,CHEM,
Gerda Ritchie,gr1809,18,71834,9832226673,M,kov519o8,185 E. Trenton Street ,CMPEN,
Henderson Morissette,hm5525,19,61850,6697378039,M,pvksy5g9,461 Heather Street ,CMPEN,31.0
Eleazar Greenholt,eg7228,20,95310,7483898353,M,nfs52rx9,83 Corona Street ,CHEM,
Elinore Moen,em2859,22,92707,5032910141,M,jtcvb5mi,8687 N. Sleepy Hollow Court ,ECON,
Elwyn Gorczany,eg5689,19,30070,7654831259,M,kec1tvvq,453 North Elm Dr. ,ECON,
Donnie Conn,dc8436,21,81521,8307741150,F,30m8mgg8,83 Corona Street ,IST,
Eugenia Osinski,eo5933,19,67671,5251707543,F,5n7rxat6,55 Hall St. ,ECON,
Emanuel Kris,ek2555,19,6256,9229223328,F,xuiy7mzm,87 Vermont St. ,ECON,
Ida Blanda,ib9263,21,92003,6136801755,F,i2dfgepr,860 Wakehurst Dr. ,CHEM,
Dr. Lloyd Barrows,dl7100,20,62201,8213636060,M,4bkr5n7f,461 Heather Street ,PHYS,
Garnett Hessel,gh1212,22,66869,3037232532,F,448p81am,9659 Rosewood Drive ,MATH,
Darwin Carroll IV,dc3082,18,60564,5038370688,F,vak3gwpe,9498 Newport Ave. ,PHYS,
Eda Marks,em3990,18,60532,2953748438,F,f3e9tv4d,308 Mammoth Dr. ,IST,1.0
Doris Koch,dk9439,18,33815,7223973774,M,443bieq9,453 North Elm Dr. ,ECON,
Greta Schowalter DDS,gs6695,21,60657,5001660406,F,i54i8e4r,7313 Stillwater Lane ,MATH,
Gayle Pollich,gp6880,19,19940,7724695810,M,zktkgfvs,860 Wakehurst Dr. ,CMPSC,19.0
Enos Schulist,es9891,20,91325,4487314346,F,vb0kg02i,336 Myrtle Street ,CSE,
Domenica Schumm,ds2211,19,50543,2449302816,F,uwvxra29,8985 Cambridge Ave. ,DS,
Eugenia Rath,er2244,19,46260,7405652189,M,9gzrg9k4,266 Second Street ,MATH,
Dr. Oscar Rath,do8320,22,32766,3205800437,F,uo1yl5kn,7529 Old Sunset Road ,DS,
Emmett Rodriguez,er6539,19,50540,6365893980,F,23fvo5oo,7529 Old Sunset Road ,CMPEN,
Dean Sporer,ds2123,22,60958,1888959336,F,c7h45b7v,798 North Euclid Drive ,CHEM,
Dulce Gulgowski,dg8738,22,6023,1632728641,F,xuub6w1z,259 Cleveland Road ,DS,
Deondre Rutherford,dr9676,19,95412,4886700802,F,d712nupf,88 Harrison Street ,ECON,
Ezequiel Ratke,er2818,21,95490,3623607060,F,n0a9z5fp,6 Andover Dr. ,PHYS,
Gaylord Collins DVM,gc5107,22,83234,7411804045,M,ao2yf2ru,7450 West Manchester Street ,DS,
Darion Aufderhar II,da8807,19,50023,2827362887,M,0cs9xyii,3 North Linden Ave. ,IST,
Gladyce Kertzmann,gk3247,20,96074,7733603374,F,s52yl1va,26 Johnson St. ,MATH,
Hadley Stracke,hs1177,20,33703,5424788355,F,xd4a1vbi,7450 West Manchester Street ,CSE,
Hattie Boehm,hb7496,20,95426,2171196820,M,gbgrtgkb,9659 Rosewood Drive ,EE,
Harold Durgan,hd3109,20,32444,6067246263,M,x6lpxfnx,798 North Euclid Drive ,CMPSC,
Dr. Mariano Collier,dm9701,18,80264,4901644120,M,1ekz58ar,266 Second Street ,ECON,
Esmeralda Smith IV,es2273,20,52583,5946547898,F,s7vf7d8s,9599 La Sierra St. ,MATH,
Emiliano McCullough,em7352,21,61326,6141985661,F,cdessibr,251 West Sheffield Drive ,CSE,
Dr. Reagan Johnston,dr6246,22,85135,3741108046,M,fb6id2et,120 Heritage Lane ,CSE,
Dianna Wehner,dw2632,18,62921,5154161177,M,2uy51mpb,7313 Stillwater Lane ,MATH,47.0
Deondre Hagenes,dh1318,19,31309,1944686185,M,yytd1q6l,8378 West Pulaski Ave. ,DS,38.0
Electa VonRueden,ev8921,18,62275,2217595178,F,uv9ce60h,461 Heather Street ,MATH,
Gudrun Ward PhD,gw5806,21,50454,2535015485,M,4jjj4cp0,453 North Elm Dr. ,IST,
Dr. Reva Kuhic,dr3255,21,30566,1791075870,F,qenoerax,8131 Elizabeth Ave. ,EE,
Deondre Harber,dh3792,19,83810,3255233375,F,23b23uk4,285 Dogwood Drive ,ECON,
Doris Cremin,dc5453,22,50271,5173308262,F,behfw2pz,655 East Branch Dr. ,CSE,
Fredrick Howell,fh5083,22,61606,4767162118,F,219xa2c5,3 North Linden Ave. ,MATH,
Elnora Wilderman,ew8429,20,92821,4533093860,F,f3brslrz,7130 Longfellow Dr. ,ECON,
Else Batz,eb2377,21,61345,7589323603,M,8uxa5m0p,780 East Redwood Drive ,MATH,
Forrest Ruecker PhD,fr6216,19,50222,1465709526,F,sh44t6ty,7764 Union Avenue ,IST,
Eva Blanda,eb9389,22,93442,8952374945,F,9x7jrlvr,7450 West Manchester Street ,STAT,
Edmond Effertz I,ee6932,22,52745,9493197032,F,eegpby2t,608 North Addison St. ,CSE,
Etha Romaguera,er9391,18,31220,6066973002,F,1pmel9s9,83 Corona Street ,CSE,
Dr. Anabel Stoltenberg,da4619,19,93660,8743080557,M,dp3zoe6q,232 W. Homewood Ave. ,CHEM,
Dolores Runolfsdottir DDS,dr7544,20,96783,4506486283,F,1msis5t3,308 Mammoth Dr. ,CMPEN,
Eliza Jacobi II,ej7700,21,86502,6048602937,F,7e90f7qq,8378 West Pulaski Ave. ,CMPEN,19.0
Dr. Foster Langosh,df7770,21,85027,2272545136,F,ug376ep9,7529 Old Sunset Road ,STAT,
Dr. Sage Smitham,ds5937,18,52352,8287603239,M,ajrdjhxl,780 East Redwood Drive ,CSE,
Halle Koepp,hk5972,19,95956,1178789787,M,coevsfej,285 Dogwood Drive ,PHYS,
Darien Gibson,dg6925,22,33755,1477909188,M,t03b6hb4,608 North Addison St. ,MATH,
Eldon Macejkovic,em9445,21,72482,5645429189,M,n26pn5ng,608 North Addison St. ,MATH,
Gerry Kuvalis Jr.,gk9861,19,93022,2711524985,F,t4vk29f9,7 Arch Court ,MATH,
Gregorio Cummings,gc5114,22,33193,9795267337,F,9fkl8w6t,266 Second Street ,IST,
Dock Johns,dj1479,18,20260,3706291577,M,tn9wg74p,655 East Branch Dr. ,EE,
Hailee Runolfsson,hr2868,22,85225,8173171827,F,ggyn6nh9,358 Marvon Ave. ,ECON,
Flossie Bednar,fb4575,19,80830,2543390057,F,hkjob0h1,7 Arch Court ,ECON,
Dr. Elton Green,de5828,18,71851,8123631542,M,to578yi5,8985 Cambridge Ave. ,PHYS,
Florian Mante,fm5590,22,92276,5317437262,F,52ibosdi,798 North Euclid Drive ,CSE,
Frank Ryan,fr8166,19,46340,7122157384,F,hwazzxlh,461 Heather Street ,CMPEN,
Dr. Lambert Jaskolski,dl6390,18,81092,7719679541,M,jy0in5m2,358 Marvon Ave. ,CMPSC,
Darlene Flatley,df8189,22,50039,5429668226,M,fff7sx3o,9408 Anderson Court ,MATH,
